-- phpMyAdmin SQL Dump
-- version 5.2.1
-- https://www.phpmyadmin.net/
--
-- Host: 127.0.0.1
-- Generation Time: Jul 14, 2025 at 02:34 AM
-- Server version: 10.4.32-MariaDB
-- PHP Version: 8.2.12

SET SQL_MODE = "NO_AUTO_VALUE_ON_ZERO";
START TRANSACTION;
SET time_zone = "+00:00";


/*!40101 SET @OLD_CHARACTER_SET_CLIENT=@@CHARACTER_SET_CLIENT */;
/*!40101 SET @OLD_CHARACTER_SET_RESULTS=@@CHARACTER_SET_RESULTS */;
/*!40101 SET @OLD_COLLATION_CONNECTION=@@COLLATION_CONNECTION */;
/*!40101 SET NAMES utf8mb4 */;

--
-- Database: `megastore_transaccional`
--

-- --------------------------------------------------------

--
-- Table structure for table `clientes`
--

CREATE TABLE `clientes` (
  `id_cliente` int(11) NOT NULL,
  `nombre` varchar(100) DEFAULT NULL,
  `correo` varchar(100) DEFAULT NULL,
  `genero` varchar(10) DEFAULT NULL,
  `fecha_nacimiento` date DEFAULT NULL
) ENGINE=InnoDB DEFAULT CHARSET=utf8mb4 COLLATE=utf8mb4_general_ci;

--
-- Dumping data for table `clientes`
--

INSERT INTO `clientes` (`id_cliente`, `nombre`, `correo`, `genero`, `fecha_nacimiento`) VALUES
(1, 'Ing. Jacinto Cruz', 'mgastelum@gmail.com', 'Femenino', '2002-07-10'),
(2, 'Linda Pulido Bétancourt', 'zvilla@ybarra.com', 'Masculino', '2000-02-20'),
(3, 'Dr. Teodoro Ochoa', 'iozuna@yahoo.com', 'Femenino', '1988-07-31'),
(4, 'José Emilio Bahena Osorio', 'arteagahelena@despacho.net', 'Masculino', '1970-10-27'),
(5, 'Adriana Mariano Narváez', 'hguardado@munoz-carmona.net', 'Masculino', '1970-09-21'),
(6, 'Karla Juárez Abrego', 'bahenamauro@mata-venegas.com', 'Femenino', '1967-02-07'),
(7, 'Sr(a). Daniela Arredondo', 'valverdegabino@santacruz.com', 'Femenino', '1977-10-08'),
(8, 'Sr(a). Bruno Archuleta', 'daliaalba@grupo.com', 'Masculino', '1973-02-28'),
(9, 'Mtro. Martín Roque', 'maestasberta@hotmail.com', 'Femenino', '1995-01-16'),
(10, 'Victoria Gaona Segovia', 'olga82@badillo.net', 'Femenino', '1992-06-19'),
(11, 'Sr(a). Luis Miguel Guillen', 'qmatos@rodriquez.com', 'Masculino', '1977-05-31'),
(12, 'María Teresa Fernando Coronado Aguilar', 'julialira@gmail.com', 'Femenino', '1975-07-21'),
(13, 'Camilo Bermúdez Villegas', 'mariano62@hotmail.com', 'Masculino', '1991-02-15'),
(14, 'Mtro. Araceli Herrera', 'galvarez@gmail.com', 'Masculino', '1966-12-18'),
(15, 'Reynaldo Violeta Navarro', 'fcollado@zamora.org', 'Femenino', '1996-05-15'),
(16, 'Raquel Catalina Alonso', 'vrivero@ayala.biz', 'Masculino', '1989-03-25'),
(17, 'Lourdes Rosa Ramón', 'xmenchaca@rivero-montenegro.com', 'Masculino', '1977-03-10'),
(18, 'Elvira Germán Bahena Salas', 'bgomez@gmail.com', 'Masculino', '1994-09-20'),
(19, 'Eric Lucas Zambrano Otero', 'agustinbenavides@amaya.com', 'Femenino', '1985-03-22'),
(20, 'Adalberto Montez', 'josesantacruz@palomino.com', 'Femenino', '2005-04-28'),
(21, 'Alberto Parra Leal', 'quezadamaria-luisa@hotmail.com', 'Masculino', '2000-09-26'),
(22, 'Serafín Rael', 'eochoa@laboy-aparicio.com', 'Femenino', '1967-06-21'),
(23, 'Mtro. Ángel Matos', 'margarita14@grupo.com', 'Masculino', '1965-01-10'),
(24, 'Cristian de la Crúz', 'ogaitan@hotmail.com', 'Femenino', '1972-08-17'),
(25, 'Lorena Caballero Abreu', 'jose-maria29@industrias.com', 'Femenino', '1989-08-21'),
(26, 'Mtro. Araceli Villaseñor', 'hledesma@gmail.com', 'Femenino', '1991-06-08'),
(27, 'Tania Ceballos Escobar', 'cepedaraul@gracia-cordero.org', 'Masculino', '2004-01-26'),
(28, 'Abril Carranza', 'sferrer@gmail.com', 'Masculino', '1974-09-18'),
(29, 'Helena María Luisa Montaño Manzanares', 'jorge-luis00@narvaez.info', 'Femenino', '1978-08-03'),
(30, 'Estefanía Manzanares', 'rsaucedo@hotmail.com', 'Femenino', '2002-08-10'),
(31, 'Marcela Fidel Castillo Cazares', 'warroyo@florez-baeza.com', 'Masculino', '1974-01-27'),
(32, 'Omar María José Longoria', 'citlali59@industrias.info', 'Masculino', '2003-12-18'),
(33, 'Luis Marrero Jiménez', 'rosariovanesa@yahoo.com', 'Femenino', '1978-01-02'),
(34, 'Sr(a). José Eduardo Zelaya', 'lilianaballesteros@aragon-segovia.com', 'Masculino', '1971-09-11'),
(35, 'Mtro. Cristian Lerma', 'isaac10@yahoo.com', 'Femenino', '1986-10-24'),
(36, 'Yeni Renato Lira', 'jescobar@despacho.com', 'Masculino', '1993-08-20'),
(37, 'Sara Daniel Rosas', 'nayeli58@yahoo.com', 'Femenino', '1974-05-12'),
(38, 'Dr. Dulce de la Fuente', 'rodolfo21@yahoo.com', 'Femenino', '1991-02-11'),
(39, 'Vicente Rolón Paz', 'umoya@yahoo.com', 'Masculino', '1980-12-26'),
(40, 'Silvia Contreras', 'bberrios@yahoo.com', 'Masculino', '1999-08-30'),
(41, 'Dr. Vicente Nazario', 'jojeda@laboratorios.com', 'Masculino', '1964-10-08'),
(42, 'Delia Julio César Maya', 'renteriasamuel@gmail.com', 'Masculino', '1965-02-16'),
(43, 'Alfonso Jacinto Beltrán Montez', 'omarroquin@hotmail.com', 'Masculino', '1992-03-23'),
(44, 'José Emilio Vargas Corrales', 'quirozhomero@gmail.com', 'Femenino', '1971-10-09'),
(45, 'Lic. Cristal Durán', 'maria-teresa41@despacho.com', 'Masculino', '1976-05-25'),
(46, 'Rosalia Fajardo', 'salinasindira@yahoo.com', 'Femenino', '1997-10-29'),
(47, 'Débora Villegas Esquivel', 'zlara@calvillo.com', 'Masculino', '1994-10-26'),
(48, 'Ivonne Vera Zavala', 'tpabon@corporacin.com', 'Masculino', '2004-01-25'),
(49, 'Gabriela Becerra', 'alfredo09@proyectos.com', 'Femenino', '1994-11-27'),
(50, 'Marisol Dávila', 'nicolasalfaro@gmail.com', 'Femenino', '1967-08-30'),
(51, 'Rebeca Padilla Carvajal', 'tellobruno@corral-ulibarri.com', 'Masculino', '1991-11-20'),
(52, 'Pedro Ramón Lemus', 'cazaresruby@hotmail.com', 'Femenino', '1979-10-22'),
(53, 'Homero Noelia Mascareñas', 'delia60@gmail.com', 'Masculino', '2000-11-08'),
(54, 'Minerva Cristina Carrillo Nava', 'amadormiguel-angel@aguilar.com', 'Masculino', '1993-06-25'),
(55, 'Óscar Mireles', 'silviaprado@proyectos.info', 'Masculino', '1974-02-20'),
(56, 'Leticia Candelaria Zepeda', 'rocio64@sierra-valdes.net', 'Femenino', '1990-09-20'),
(57, 'Sr(a). Sara Coronado', 'oliver79@hotmail.com', 'Femenino', '1998-11-18'),
(58, 'Fernando Iglesias Corral', 'eduardo44@yahoo.com', 'Masculino', '1983-02-14'),
(59, 'Sr(a). Adela Preciado', 'veraitzel@hotmail.com', 'Masculino', '1987-09-03'),
(60, 'Porfirio Hugo Venegas Ceja', 'mariorobledo@gmail.com', 'Masculino', '1989-02-08'),
(61, 'Hilda Emilia Camacho', 'fidel55@industrias.com', 'Masculino', '2003-04-11'),
(62, 'Óscar Alejandro Montero', 'ayalaleonardo@despacho.biz', 'Femenino', '1977-09-17'),
(63, 'Lic. Aida Borrego', 'francisca99@hotmail.com', 'Masculino', '1962-11-05'),
(64, 'Ing. Estefanía Solorio', 'genarosaldana@balderas-vanegas.com', 'Masculino', '1982-09-07'),
(65, 'Dr. Pablo Negrón', 'cvillalobos@yahoo.com', 'Femenino', '1992-10-23'),
(66, 'Santiago Olivo Sanches', 'arteagaevelio@carrasco.org', 'Femenino', '1999-06-18'),
(67, 'Mtro. Rafaél Bañuelos', 'juan-carloslimon@hotmail.com', 'Masculino', '1985-02-20'),
(68, 'Elias Cazares Valladares', 'bacajos@serrano-soria.com', 'Femenino', '2004-03-01'),
(69, 'Rosario Nayeli Lozada Granado', 'amaliacarrillo@gmail.com', 'Masculino', '1968-03-07'),
(70, 'Ángela Peres Cruz', 'arteagaricardo@gmail.com', 'Masculino', '1961-03-13'),
(71, 'Marisol Victoria Narváez Hernández', 'jose-carloscontreras@gmail.com', 'Femenino', '1986-02-19'),
(72, 'Adela Saiz', 'agustin27@yahoo.com', 'Masculino', '1971-06-16'),
(73, 'Federico Violeta Ulibarri', 'snieves@industrias.org', 'Femenino', '1971-07-17'),
(74, 'Luis Miguel Isabela Madera Lomeli', 'marcosolivarez@carrion.com', 'Masculino', '1978-05-23'),
(75, 'Mariano Mejía Tapia', 'eloysoliz@gmail.com', 'Masculino', '1974-11-17'),
(76, 'María Luisa Montoya Galarza', 'debora49@gurule.com', 'Femenino', '1963-07-06'),
(77, 'Francisco Javier Gilberto Castillo', 'castrograciela@cano.com', 'Femenino', '1978-05-18'),
(78, 'Eugenia Darío Mares', 'jesus23@bueno-botello.com', 'Femenino', '1984-09-15'),
(79, 'José Carlos Barrera Zedillo', 'rocio91@collazo.com', 'Masculino', '1985-04-10'),
(80, 'Ing. Ana María Tello', 'cocampo@hotmail.com', 'Masculino', '1960-06-14'),
(81, 'Pamela Noriega', 'nnoriega@bustos-fuentes.com', 'Masculino', '2003-01-04'),
(82, 'Yuridia María Valdivia', 'apontemodesto@yahoo.com', 'Masculino', '1986-08-23'),
(83, 'Lic. Cornelio Esquibel', 'brionesgerman@rascon.com', 'Femenino', '1997-04-08'),
(84, 'Felix Teodoro Delgado', 'cantuantonia@hotmail.com', 'Femenino', '1981-10-31'),
(85, 'Frida Helena de León Barreto', 'patricia87@gmail.com', 'Femenino', '1989-02-03'),
(86, 'Lourdes Ponce', 'miriamgonzalez@gmail.com', 'Masculino', '1986-04-14'),
(87, 'Lic. Manuel Linares', 'navarretesandra@proyectos.net', 'Femenino', '1988-02-01'),
(88, 'Zoé Ángela Baeza Casas', 'montemayorbernardo@gallegos-del.com', 'Femenino', '1966-03-09'),
(89, 'Dr. Esther Menchaca', 'fvillanueva@hotmail.com', 'Femenino', '1971-03-15'),
(90, 'Wendolin Guerrero', 'eliasbustos@gmail.com', 'Femenino', '1984-09-17'),
(91, 'Adriana Tomás Casárez', 'ruby24@gonzales-arteaga.net', 'Masculino', '1965-12-22'),
(92, 'Eric Salma Blanco', 'herrerazacarias@valdez-aranda.com', 'Masculino', '1976-12-17'),
(93, 'Wilfrido Duarte', 'ifernandez@gmail.com', 'Femenino', '1982-08-16'),
(94, 'Rodrigo Juárez', 'salvador87@hotmail.com', 'Masculino', '1996-07-22'),
(95, 'Eduardo Conchita Cabrera', 'joaquincorrales@gmail.com', 'Femenino', '1966-11-16'),
(96, 'Gabriel Toledo', 'agustinserrato@grupo.net', 'Masculino', '1964-12-27'),
(97, 'Rebeca Miriam Collazo', 'yuridiaolivo@acevedo.com', 'Masculino', '1964-08-02'),
(98, 'Mtro. Ana Luisa Sotelo', 'cvillasenor@tafoya.com', 'Femenino', '1966-03-16'),
(99, 'Anel Ordóñez Garza', 'bernalfrancisco-javier@grupo.com', 'Femenino', '1991-01-29'),
(100, 'Diego Ceballos', 'maria-jose12@yahoo.com', 'Femenino', '1976-02-27'),
(101, 'Helena Esparta Melgar Garay', 'daniel30@gmail.com', 'Femenino', '1962-10-01'),
(102, 'Gabino Estefanía Ocasio', 'rasconmarcela@hotmail.com', 'Masculino', '2002-03-26'),
(103, 'Ángel Santana', 'pjiminez@magana.com', 'Femenino', '1962-04-10'),
(104, 'Diego de la Rosa', 'alfonsoportillo@hotmail.com', 'Masculino', '1960-01-11'),
(105, 'Gabino Cornejo', 'rodolfoacevedo@valle-herrera.com', 'Femenino', '1963-08-24'),
(106, 'Karina Rodríquez', 'kquezada@yahoo.com', 'Masculino', '1987-08-17'),
(107, 'Mtro. Victoria Almonte', 'ciglesias@hotmail.com', 'Femenino', '1978-03-24'),
(108, 'Violeta Anel Olivárez Rojas', 'antoniaquintanilla@gmail.com', 'Masculino', '2000-03-24'),
(109, 'Genaro Modesto Barela', 'arteagamarcela@despacho.biz', 'Masculino', '1991-12-05'),
(110, 'Jacobo Apodaca', 'cbaez@yahoo.com', 'Femenino', '1985-05-20'),
(111, 'Salma Samuel Calvillo Jurado', 'antoniogonzalez@gmail.com', 'Femenino', '1965-04-19'),
(112, 'Leticia Berta Palomino Ocasio', 'catalinaquezada@yahoo.com', 'Masculino', '1997-08-31'),
(113, 'Dr. Alvaro Hernández', 'marco-antonio65@mateo-toro.com', 'Femenino', '2004-04-21'),
(114, 'Leonardo Pilar Muro', 'fquezada@pantoja-leyva.com', 'Femenino', '1966-07-24'),
(115, 'Reynaldo Magaña Aguilar', 'villagomezcristal@proyectos.org', 'Masculino', '1998-08-13'),
(116, 'Mario Lourdes Domínguez', 'aperalta@rios.org', 'Femenino', '1985-10-14'),
(117, 'Rosalia Ramiro Valentín', 'luciaulloa@yahoo.com', 'Femenino', '1976-11-13'),
(118, 'Sr(a). Leonel Valadez', 'ernesto64@gmail.com', 'Femenino', '1967-12-12'),
(119, 'Juana Olivo', 'lermamaria-eugenia@grupo.biz', 'Femenino', '1987-06-25'),
(120, 'Lorenzo Ybarra Aguirre', 'rcorona@despacho.com', 'Femenino', '1978-12-16'),
(121, 'Camilo Soledad Santiago', 'adela44@club.com', 'Femenino', '2004-02-20'),
(122, 'Beatriz Mateo Riojas', 'dulce-maria06@gmail.com', 'Masculino', '1998-04-04'),
(123, 'Tomás Alejandro Fuentes', 'cejaleonel@juarez-dominguez.info', 'Masculino', '1969-08-25'),
(124, 'Santiago Ponce Rodrígez', 'romerohumberto@gmail.com', 'Femenino', '1991-05-13'),
(125, 'Lic. Daniela Cazares', 'francisco-javier00@marrero.com', 'Femenino', '1996-08-30'),
(126, 'Pablo Villanueva Tórrez', 'jbaeza@roque-porras.com', 'Masculino', '1997-03-03'),
(127, 'Zoé Montalvo', 'olveraemilia@hotmail.com', 'Femenino', '1975-09-09'),
(128, 'Adriana Antonio Baca Ojeda', 'cristobal50@yahoo.com', 'Femenino', '1992-10-23'),
(129, 'Carmen Vallejo', 'felix56@florez.net', 'Masculino', '1978-02-06'),
(130, 'Celia César Ledesma Ocasio', 'rolando06@hotmail.com', 'Femenino', '1972-10-14'),
(131, 'María Elena Carranza', 'almanzafrancisca@gmail.com', 'Femenino', '1972-03-21'),
(132, 'Paola Rafaél Gurule Llamas', 'rodolfogonzales@proyectos.com', 'Masculino', '1988-09-25'),
(133, 'Abelardo Montenegro', 'kroque@club.info', 'Femenino', '1973-08-29'),
(134, 'Judith Vallejo', 'ramiro88@hotmail.com', 'Femenino', '1967-01-02'),
(135, 'Amanda Yuridia Tamez Quintana', 'ghenriquez@yahoo.com', 'Femenino', '1966-05-04'),
(136, 'Jonás Ramón', 'gomezhilda@posada.com', 'Femenino', '2001-03-28'),
(137, 'Manuel Elena Sosa Olvera', 'german91@yahoo.com', 'Femenino', '1965-07-30'),
(138, 'Lic. Berta Pabón', 'tvanegas@velasco.org', 'Masculino', '1962-08-08'),
(139, 'Dr. Luis Manuel Muro', 'sgutierrez@despacho.com', 'Femenino', '1979-12-23'),
(140, 'Mtro. Zoé Meraz', 'gabrielrodrigez@juarez.com', 'Masculino', '1960-05-25'),
(141, 'Martha Regalado Vela', 'wcandelaria@laboratorios.com', 'Masculino', '2004-12-18'),
(142, 'Mtro. Soledad Benavides', 'alcalacristian@proyectos.com', 'Femenino', '1998-03-13'),
(143, 'Víctor Cristal Domínguez', 'jonas56@industrias.com', 'Femenino', '1977-01-29'),
(144, 'Carmen Jaime Ortiz', 'jaramillovirginia@laboratorios.com', 'Masculino', '1960-10-10'),
(145, 'Evelio Verónica Méndez', 'preciadonadia@zuniga-baeza.com', 'Masculino', '1960-06-17'),
(146, 'Daniela Raúl Barreto', 'marinreina@gmail.com', 'Femenino', '1961-06-23'),
(147, 'Javier Farías', 'joaquinrosado@villagomez-adame.net', 'Masculino', '1975-04-01'),
(148, 'Dr. Jesús Venegas', 'ursularosas@baca.org', 'Masculino', '1975-01-11'),
(149, 'Carlos René Quintero Vela', 'victoria38@irizarry-benavides.com', 'Masculino', '1970-11-19'),
(150, 'Natalia Benítez', 'hgarcia@barrientos-viera.biz', 'Masculino', '1972-12-25'),
(151, 'Ana Elena Abreu', 'reina43@laboratorios.net', 'Masculino', '1991-08-14'),
(152, 'Sergio Eduardo Caraballo Villanueva', 'diegoguzman@ortega-mascarenas.com', 'Masculino', '1976-06-09'),
(153, 'Omar Gurule', 'alma31@hotmail.com', 'Femenino', '1965-12-04'),
(154, 'Alicia Rebeca Cardenas', 'fidelsevilla@despacho.com', 'Masculino', '1987-12-17'),
(155, 'Sr(a). Marisol Rivas', 'jcrespo@proyectos.net', 'Femenino', '1987-12-27'),
(156, 'Isabel Puente', 'gmadrid@gmail.com', 'Femenino', '1986-02-07'),
(157, 'Rafaél Tapia', 'lorena22@industrias.com', 'Masculino', '2006-04-04'),
(158, 'Lic. José Manuél Márquez', 'angel83@gmail.com', 'Femenino', '1961-04-06'),
(159, 'Yolanda Elisa Carranza', 'sonia17@gmail.com', 'Femenino', '1983-11-19'),
(160, 'Sr(a). Rosalia Fuentes', 'almonteruby@gmail.com', 'Femenino', '1962-11-04'),
(161, 'Olivia Olga Ochoa', 'ealvarado@gmail.com', 'Masculino', '1982-10-17'),
(162, 'Victoria Díaz', 'villasonia@gmail.com', 'Masculino', '1984-08-11'),
(163, 'Marcela Bonilla Limón', 'angelica54@romo.com', 'Masculino', '1987-12-03'),
(164, 'Gregorio Mercado Ávila', 'ivan34@gmail.com', 'Masculino', '1989-07-05'),
(165, 'Adela David Hernández Carrillo', 'julia33@yahoo.com', 'Femenino', '2003-01-23'),
(166, 'María Teresa Valladares Cavazos', 'cuellarruben@yahoo.com', 'Masculino', '1995-09-11'),
(167, 'Sr(a). Leonardo Gamboa', 'baezirene@proyectos.org', 'Masculino', '1984-12-21'),
(168, 'Renato Archuleta Tejada', 'wserna@hotmail.com', 'Femenino', '2006-03-27'),
(169, 'Ing. Lucas Cintrón', 'waguilera@hotmail.com', 'Masculino', '1993-06-17'),
(170, 'Lic. Ramón Adame', 'lauraleal@yahoo.com', 'Masculino', '1989-06-01'),
(171, 'Lic. Susana Magaña', 'reneocasio@amaya-alcala.com', 'Masculino', '1984-01-19'),
(172, 'Dr. Virginia Hernádez', 'nataliagarcia@gmail.com', 'Femenino', '1982-06-22'),
(173, 'Luis Porfirio Carrión', 'nicolasde-la-garza@mercado.com', 'Masculino', '1980-05-25'),
(174, 'Ángel Mónica Pineda', 'lalmonte@hotmail.com', 'Femenino', '1989-01-14'),
(175, 'Sr(a). María Elena Peña', 'rosariode-jesus@hotmail.com', 'Femenino', '1976-03-22'),
(176, 'Inés Estévez', 'mendezgeronimo@yahoo.com', 'Femenino', '1987-04-17'),
(177, 'Clemente Adán Sotelo', 'jballesteros@yahoo.com', 'Femenino', '1986-10-11'),
(178, 'Dr. Itzel Méndez', 'jacobodelgado@quintana-alarcon.com', 'Femenino', '2004-03-10'),
(179, 'Estela Gaytán Barrios', 'jsaavedra@yahoo.com', 'Masculino', '1965-04-16'),
(180, 'Lic. Silvano Valadez', 'rodolfocardona@osorio-morales.com', 'Femenino', '1983-12-11'),
(181, 'Sofía Apodaca', 'mayterivero@yahoo.com', 'Femenino', '1959-10-07'),
(182, 'Agustín Alvaro Zelaya', 'franciscomelgar@regalado-paz.com', 'Femenino', '1997-12-23'),
(183, 'Rosalia Morales Ceballos', 'wendolin64@club.com', 'Masculino', '1963-12-03'),
(184, 'Elena Casillas Canales', 'benavidezignacio@yahoo.com', 'Femenino', '2001-06-27'),
(185, 'Eduardo Elisa Valle', 'asuncionacevedo@yahoo.com', 'Femenino', '1962-07-24'),
(186, 'Adán Gutiérrez', 'patriciacalderon@anguiano.info', 'Masculino', '2006-04-10'),
(187, 'María Cristina Cordero', 'mayalucas@gmail.com', 'Femenino', '1997-06-04'),
(188, 'Amador Francisca Hernandes Arteaga', 'reinavaladez@cotto.com', 'Femenino', '1983-12-24'),
(189, 'Lic. Anabel Burgos', 'yuridia53@beltran-feliciano.com', 'Masculino', '1976-07-16'),
(190, 'Alma Ocampo Quezada', 'mmatias@hotmail.com', 'Femenino', '2004-07-29'),
(191, 'Conchita José María Mena Rael', 'ortarosalia@gmail.com', 'Masculino', '1985-04-26'),
(192, 'Socorro Alfonso Tovar', 'perla04@valles.org', 'Femenino', '1970-11-04'),
(193, 'Esparta Wilfrido Dávila', 'luciapaez@gmail.com', 'Femenino', '1994-05-15'),
(194, 'Reynaldo Ojeda', 'zaragozavirginia@maestas-saiz.net', 'Femenino', '1985-04-02'),
(195, 'Dr. Dulce María Montemayor', 'concepcionzuniga@baca-haro.com', 'Masculino', '1985-12-09'),
(196, 'Angélica Santana', 'jrascon@armendariz.com', 'Masculino', '1991-12-28'),
(197, 'Rosario Abraham Carbajal', 'ana-mariarios@grupo.info', 'Masculino', '1966-12-18'),
(198, 'Rubén Pelayo', 'luis-manuel96@proyectos.com', 'Masculino', '1987-05-05'),
(199, 'Eva Bustamante Santillán', 'angelvalentin@guevara-chapa.com', 'Femenino', '2005-08-12'),
(200, 'Dulce María Martín Segura Mercado', 'martin32@corporacin.com', 'Masculino', '1973-10-05');

-- --------------------------------------------------------

--
-- Table structure for table `empleados`
--

CREATE TABLE `empleados` (
  `id_empleado` int(11) NOT NULL,
  `nombre` varchar(100) DEFAULT NULL,
  `puesto` varchar(50) DEFAULT NULL,
  `id_tienda` int(11) DEFAULT NULL
) ENGINE=InnoDB DEFAULT CHARSET=utf8mb4 COLLATE=utf8mb4_general_ci;

--
-- Dumping data for table `empleados`
--

INSERT INTO `empleados` (`id_empleado`, `nombre`, `puesto`, `id_tienda`) VALUES
(1, 'Esperanza Hurtado Curiel', 'Supervisor', 4),
(2, 'Mauricio María Luisa Alva', 'Cajero', 7),
(3, 'Sr(a). Rosa Mata', 'Vendedor', 6),
(4, 'Teodoro Morales Suárez', 'Supervisor', 8),
(5, 'Guadalupe Alfredo Avilés', 'Vendedor', 1),
(6, 'Dulce Dulce Morales Orta', 'Cajero', 14),
(7, 'José Dulce María Muñoz Lozada', 'Vendedor', 7),
(8, 'María Daniela Tejeda', 'Supervisor', 12),
(9, 'Vicente Luevano Navarrete', 'Cajero', 14),
(10, 'Leticia Barrera', 'Supervisor', 7),
(11, 'Clemente Jurado', 'Vendedor', 1),
(12, 'Carlota Bermúdez Lozano', 'Vendedor', 5),
(13, 'Camila Sotelo', 'Vendedor', 14),
(14, 'Lic. Gloria Montero', 'Vendedor', 9),
(15, 'Josefina Cortés', 'Supervisor', 12),
(16, 'Zeferino Aranda', 'Supervisor', 13),
(17, 'Julio Omar Sánchez', 'Supervisor', 15),
(18, 'José María Carmona', 'Cajero', 8),
(19, 'Lic. Marcela Saiz', 'Cajero', 5),
(20, 'Alta  Gracia Montañez', 'Vendedor', 8),
(21, 'Gabino Isaac Flórez Girón', 'Cajero', 7),
(22, 'Francisco Javier Puga Matías', 'Vendedor', 11),
(23, 'Daniela Macías', 'Supervisor', 13),
(24, 'Sofía Mauricio Esquivel Pulido', 'Vendedor', 12),
(25, 'Yolanda Andrea Alvarado', 'Cajero', 14),
(26, 'Ing. Renato Peralta', 'Vendedor', 15),
(27, 'Amanda Vanesa Quiñónez Segura', 'Cajero', 10),
(28, 'Felipe Amelia Reyna', 'Supervisor', 1),
(29, 'Silvia Rangel', 'Vendedor', 10),
(30, 'Juan Núñez Mireles', 'Supervisor', 11);

-- --------------------------------------------------------

--
-- Table structure for table `productos`
--

CREATE TABLE `productos` (
  `id_producto` int(11) NOT NULL,
  `nombre` varchar(100) DEFAULT NULL,
  `categoria` varchar(50) DEFAULT NULL,
  `precio` decimal(10,2) DEFAULT NULL,
  `stock` int(11) DEFAULT NULL
) ENGINE=InnoDB DEFAULT CHARSET=utf8mb4 COLLATE=utf8mb4_general_ci;

--
-- Dumping data for table `productos`
--

INSERT INTO `productos` (`id_producto`, `nombre`, `categoria`, `precio`, `stock`) VALUES
(1, 'Voluptatum', 'Electrónica', 86.27, 190),
(2, 'Inventore', 'Ropa', 373.66, 427),
(3, 'Similique', 'Electrónica', 1031.21, 329),
(4, 'Voluptatem', 'Electrónica', 906.21, 66),
(5, 'Facilis', 'Electrónica', 185.86, 169),
(6, 'Dolore', 'Electrónica', 863.81, 416),
(7, 'Autem', 'Deportes', 369.64, 351),
(8, 'Temporibus', 'Hogar', 1223.67, 53),
(9, 'Labore', 'Ropa', 1062.30, 224),
(10, 'Aperiam', 'Hogar', 275.45, 440),
(11, 'Est', 'Hogar', 198.20, 244),
(12, 'Facere', 'Electrónica', 570.52, 226),
(13, 'Soluta', 'Hogar', 1220.34, 423),
(14, 'Doloribus', 'Deportes', 827.53, 243),
(15, 'Qui', 'Electrónica', 850.46, 474),
(16, 'Officiis', 'Hogar', 887.16, 410),
(17, 'Nesciunt', 'Electrónica', 116.45, 166),
(18, 'Ipsum', 'Hogar', 1478.57, 487),
(19, 'Saepe', 'Ropa', 1306.40, 244),
(20, 'Debitis', 'Hogar', 707.44, 477),
(21, 'Vero', 'Hogar', 285.85, 231),
(22, 'Sunt', 'Ropa', 1021.75, 409),
(23, 'Nulla', 'Electrónica', 933.24, 137),
(24, 'Minus', 'Ropa', 286.93, 244),
(25, 'Itaque', 'Hogar', 1484.81, 377),
(26, 'Repudiandae', 'Ropa', 1042.69, 481),
(27, 'Voluptates', 'Electrónica', 382.12, 66),
(28, 'Reiciendis', 'Hogar', 631.69, 83),
(29, 'Quo', 'Ropa', 1374.05, 340),
(30, 'Numquam', 'Hogar', 358.31, 305),
(31, 'Exercitationem', 'Deportes', 1332.79, 379),
(32, 'Aspernatur', 'Deportes', 257.16, 121),
(33, 'Aspernatur', 'Ropa', 1130.23, 325),
(34, 'Esse', 'Hogar', 1133.17, 269),
(35, 'Voluptatum', 'Deportes', 574.89, 120),
(36, 'Blanditiis', 'Deportes', 181.82, 74),
(37, 'Accusamus', 'Electrónica', 271.62, 131),
(38, 'Eaque', 'Deportes', 914.79, 247),
(39, 'Voluptatem', 'Deportes', 914.04, 289),
(40, 'Tempore', 'Hogar', 1458.06, 490),
(41, 'Neque', 'Electrónica', 1036.41, 108),
(42, 'Nesciunt', 'Hogar', 1164.47, 224),
(43, 'Animi', 'Electrónica', 475.58, 130),
(44, 'Optio', 'Deportes', 54.71, 419),
(45, 'Pariatur', 'Hogar', 1459.24, 440),
(46, 'In', 'Ropa', 786.14, 104),
(47, 'Possimus', 'Hogar', 1270.42, 309),
(48, 'Repellendus', 'Ropa', 271.62, 440),
(49, 'Temporibus', 'Ropa', 832.10, 448),
(50, 'Explicabo', 'Electrónica', 918.47, 300),
(51, 'Natus', 'Electrónica', 212.21, 235),
(52, 'Quasi', 'Hogar', 397.21, 173),
(53, 'Quia', 'Electrónica', 174.20, 298),
(54, 'Nam', 'Electrónica', 1468.08, 322),
(55, 'Exercitationem', 'Ropa', 236.17, 293),
(56, 'Ut', 'Ropa', 434.33, 496),
(57, 'Natus', 'Deportes', 1448.33, 326),
(58, 'Recusandae', 'Ropa', 1083.78, 254),
(59, 'Accusamus', 'Hogar', 685.25, 314),
(60, 'Accusantium', 'Deportes', 225.46, 165),
(61, 'A', 'Electrónica', 540.22, 351),
(62, 'Unde', 'Ropa', 903.24, 53),
(63, 'Ipsa', 'Electrónica', 1076.37, 80),
(64, 'Molestiae', 'Ropa', 147.73, 66),
(65, 'Odio', 'Hogar', 152.74, 171),
(66, 'Eaque', 'Hogar', 1020.02, 159),
(67, 'Omnis', 'Ropa', 1098.86, 342),
(68, 'Porro', 'Deportes', 402.35, 292),
(69, 'Animi', 'Deportes', 326.09, 99),
(70, 'Eaque', 'Deportes', 563.73, 260),
(71, 'Velit', 'Deportes', 1302.56, 77),
(72, 'Eius', 'Electrónica', 137.89, 422),
(73, 'Officia', 'Hogar', 1210.86, 105),
(74, 'Minima', 'Ropa', 327.81, 324),
(75, 'Dignissimos', 'Deportes', 253.26, 143),
(76, 'Quae', 'Hogar', 720.81, 497),
(77, 'Eius', 'Electrónica', 692.54, 491),
(78, 'Alias', 'Electrónica', 123.35, 326),
(79, 'Minima', 'Electrónica', 1455.04, 435),
(80, 'Facere', 'Ropa', 291.15, 298),
(81, 'Velit', 'Deportes', 359.93, 255),
(82, 'Sit', 'Electrónica', 288.72, 51),
(83, 'Fugit', 'Deportes', 434.54, 451),
(84, 'Id', 'Deportes', 463.61, 406),
(85, 'Vel', 'Deportes', 274.46, 201),
(86, 'Soluta', 'Ropa', 1454.63, 346),
(87, 'Qui', 'Electrónica', 1134.56, 79),
(88, 'Ratione', 'Electrónica', 897.06, 307),
(89, 'Veniam', 'Ropa', 132.48, 310),
(90, 'Consequuntur', 'Electrónica', 1284.45, 85),
(91, 'Fugit', 'Electrónica', 1029.06, 170),
(92, 'Nobis', 'Deportes', 223.84, 341),
(93, 'Unde', 'Ropa', 889.43, 70),
(94, 'Doloribus', 'Electrónica', 657.88, 348),
(95, 'Rerum', 'Hogar', 1405.32, 154),
(96, 'Soluta', 'Hogar', 396.09, 252),
(97, 'Laudantium', 'Ropa', 1023.95, 203),
(98, 'Accusantium', 'Deportes', 508.46, 434),
(99, 'Animi', 'Electrónica', 63.51, 368),
(100, 'Ipsam', 'Electrónica', 156.23, 159);

-- --------------------------------------------------------

--
-- Table structure for table `tiendas`
--

CREATE TABLE `tiendas` (
  `id_tienda` int(11) NOT NULL,
  `nombre` varchar(100) DEFAULT NULL,
  `ciudad` varchar(100) DEFAULT NULL,
  `region` varchar(100) DEFAULT NULL
) ENGINE=InnoDB DEFAULT CHARSET=utf8mb4 COLLATE=utf8mb4_general_ci;

--
-- Dumping data for table `tiendas`
--

INSERT INTO `tiendas` (`id_tienda`, `nombre`, `ciudad`, `region`) VALUES
(1, 'Tienda 1', 'San Guadalupe los bajos', 'San Luis Potosí'),
(2, 'Tienda 2', 'San Alicia de la Montaña', 'Tlaxcala'),
(3, 'Tienda 3', 'San Tomás de la Montaña', 'Puebla'),
(4, 'Tienda 4', 'Vieja República de Moldova', 'Sinaloa'),
(5, 'Tienda 5', 'San Juana los altos', 'Quintana Roo'),
(6, 'Tienda 6', 'San Leonardo de la Montaña', 'Baja California'),
(7, 'Tienda 7', 'Nueva Australia', 'Baja California Sur'),
(8, 'Tienda 8', 'Nueva España', 'Yucatán'),
(9, 'Tienda 9', 'Nueva Pakistán', 'Guerrero'),
(10, 'Tienda 10', 'San Jaime de la Montaña', 'Chiapas'),
(11, 'Tienda 11', 'San Eloisa los altos', 'Tamaulipas'),
(12, 'Tienda 12', 'Vieja Afganistán', 'México'),
(13, 'Tienda 13', 'Nueva Bélgica', 'Sinaloa'),
(14, 'Tienda 14', 'San Estela los bajos', 'Michoacán de Ocampo'),
(15, 'Tienda 15', 'San Espartaco los bajos', 'Colima');

-- --------------------------------------------------------

--
-- Table structure for table `ventas`
--

CREATE TABLE `ventas` (
  `id_venta` int(11) NOT NULL,
  `fecha` date DEFAULT NULL,
  `id_cliente` int(11) DEFAULT NULL,
  `id_producto` int(11) DEFAULT NULL,
  `id_empleado` int(11) DEFAULT NULL,
  `id_tienda` int(11) DEFAULT NULL,
  `cantidad` int(11) DEFAULT NULL,
  `descuento` decimal(5,2) DEFAULT NULL
) ENGINE=InnoDB DEFAULT CHARSET=utf8mb4 COLLATE=utf8mb4_general_ci;

--
-- Dumping data for table `ventas`
--

INSERT INTO `ventas` (`id_venta`, `fecha`, `id_cliente`, `id_producto`, `id_empleado`, `id_tienda`, `cantidad`, `descuento`) VALUES
(1, '2024-07-01', 22, 83, 14, 3, 4, 0.04),
(2, '2024-07-05', 98, 42, 7, 8, 3, 0.07),
(3, '2024-07-15', 98, 36, 25, 14, 4, 0.05),
(4, '2024-07-02', 121, 3, 24, 9, 1, 0.20),
(5, '2024-07-06', 58, 84, 3, 13, 1, 0.15),
(6, '2024-07-04', 52, 3, 20, 3, 2, 0.03),
(7, '2024-07-11', 30, 73, 7, 8, 3, 0.15),
(8, '2024-07-03', 156, 78, 24, 12, 1, 0.16),
(9, '2024-07-03', 80, 14, 19, 1, 3, 0.12),
(10, '2024-07-15', 97, 51, 23, 4, 1, 0.12),
(11, '2024-07-14', 161, 32, 4, 12, 3, 0.17),
(12, '2024-07-10', 31, 73, 26, 1, 3, 0.11),
(13, '2024-07-11', 95, 9, 17, 11, 3, 0.00),
(14, '2024-07-07', 126, 14, 14, 6, 4, 0.14),
(15, '2024-07-07', 46, 94, 17, 11, 3, 0.12),
(16, '2024-07-15', 138, 100, 16, 8, 4, 0.17),
(17, '2024-07-10', 69, 42, 28, 4, 1, 0.06),
(18, '2024-07-08', 63, 97, 15, 10, 5, 0.13),
(19, '2024-07-06', 8, 64, 28, 6, 2, 0.10),
(20, '2024-07-06', 67, 44, 9, 15, 5, 0.14),
(21, '2024-07-05', 143, 2, 17, 4, 1, 0.05),
(22, '2024-07-07', 126, 72, 25, 4, 4, 0.13),
(23, '2024-07-08', 115, 3, 3, 5, 2, 0.08),
(24, '2024-07-04', 79, 85, 19, 6, 4, 0.11),
(25, '2024-07-06', 109, 96, 18, 6, 3, 0.14),
(26, '2024-07-05', 79, 33, 8, 2, 2, 0.06),
(27, '2024-07-12', 138, 98, 23, 3, 2, 0.04),
(28, '2024-07-08', 71, 93, 19, 13, 5, 0.12),
(29, '2024-07-02', 50, 38, 8, 6, 2, 0.06),
(30, '2024-07-12', 137, 17, 9, 1, 1, 0.11),
(31, '2024-07-12', 33, 82, 28, 13, 4, 0.02),
(32, '2024-07-01', 147, 37, 16, 8, 4, 0.07),
(33, '2024-07-01', 65, 62, 4, 14, 1, 0.08),
(34, '2024-07-02', 148, 81, 22, 1, 2, 0.03),
(35, '2024-07-10', 78, 11, 8, 2, 5, 0.15),
(36, '2024-07-10', 153, 80, 8, 13, 5, 0.08),
(37, '2024-07-15', 114, 39, 28, 10, 4, 0.06),
(38, '2024-07-10', 16, 79, 24, 2, 2, 0.13),
(39, '2024-07-05', 170, 11, 6, 4, 2, 0.11),
(40, '2024-07-03', 1, 53, 15, 12, 5, 0.09),
(41, '2024-07-01', 60, 37, 23, 5, 4, 0.01),
(42, '2024-07-04', 68, 81, 19, 11, 2, 0.09),
(43, '2024-07-09', 58, 83, 5, 15, 3, 0.17),
(44, '2024-07-02', 16, 22, 26, 5, 5, 0.15),
(45, '2024-07-10', 74, 57, 4, 8, 3, 0.14),
(46, '2024-07-05', 129, 70, 16, 8, 1, 0.12),
(47, '2024-07-15', 111, 95, 11, 10, 3, 0.01),
(48, '2024-07-04', 173, 74, 19, 1, 3, 0.12),
(49, '2024-07-13', 194, 23, 16, 9, 4, 0.18),
(50, '2024-07-03', 150, 56, 21, 14, 4, 0.19),
(51, '2024-07-08', 90, 53, 11, 6, 1, 0.17),
(52, '2024-07-06', 106, 89, 16, 5, 4, 0.16),
(53, '2024-07-09', 10, 59, 3, 6, 3, 0.06),
(54, '2024-07-13', 104, 66, 27, 1, 5, 0.09),
(55, '2024-07-01', 49, 67, 12, 10, 4, 0.13),
(56, '2024-07-13', 14, 27, 9, 9, 2, 0.19),
(57, '2024-07-08', 179, 63, 4, 1, 5, 0.16),
(58, '2024-07-12', 41, 40, 18, 1, 5, 0.08),
(59, '2024-07-04', 30, 60, 4, 11, 2, 0.10),
(60, '2024-07-12', 75, 66, 23, 5, 4, 0.17),
(61, '2024-07-08', 63, 59, 18, 3, 4, 0.04),
(62, '2024-07-10', 131, 96, 29, 3, 1, 0.06),
(63, '2024-07-13', 107, 44, 30, 13, 5, 0.05),
(64, '2024-07-01', 73, 93, 10, 14, 5, 0.12),
(65, '2024-07-11', 126, 20, 15, 9, 4, 0.07),
(66, '2024-07-09', 196, 70, 13, 8, 3, 0.17),
(67, '2024-07-12', 62, 74, 13, 4, 4, 0.01),
(68, '2024-07-12', 122, 91, 30, 13, 4, 0.08),
(69, '2024-07-11', 167, 20, 16, 1, 2, 0.10),
(70, '2024-07-10', 85, 13, 28, 14, 4, 0.02),
(71, '2024-07-15', 117, 2, 24, 3, 4, 0.17),
(72, '2024-07-03', 20, 61, 26, 5, 3, 0.12),
(73, '2024-07-07', 167, 11, 28, 6, 5, 0.08),
(74, '2024-07-06', 161, 92, 29, 13, 4, 0.17),
(75, '2024-07-01', 159, 9, 8, 11, 3, 0.20),
(76, '2024-07-12', 24, 56, 4, 13, 1, 0.09),
(77, '2024-07-12', 77, 4, 2, 6, 1, 0.06),
(78, '2024-07-06', 111, 19, 8, 9, 4, 0.11),
(79, '2024-07-13', 47, 22, 6, 2, 5, 0.17),
(80, '2024-07-10', 175, 31, 16, 15, 5, 0.03),
(81, '2024-07-08', 164, 33, 15, 5, 1, 0.18),
(82, '2024-07-08', 74, 87, 18, 3, 1, 0.09),
(83, '2024-07-06', 151, 39, 21, 7, 3, 0.09),
(84, '2024-07-05', 51, 50, 28, 8, 1, 0.05),
(85, '2024-07-10', 92, 74, 10, 12, 3, 0.00),
(86, '2024-07-14', 169, 51, 9, 1, 5, 0.17),
(87, '2024-07-13', 191, 7, 30, 10, 4, 0.17),
(88, '2024-07-15', 74, 100, 26, 4, 5, 0.16),
(89, '2024-07-04', 163, 25, 20, 5, 2, 0.13),
(90, '2024-07-15', 161, 83, 2, 5, 4, 0.01),
(91, '2024-07-06', 188, 17, 3, 15, 3, 0.07),
(92, '2024-07-07', 45, 26, 5, 13, 5, 0.18),
(93, '2024-07-06', 136, 65, 30, 5, 2, 0.05),
(94, '2024-07-14', 124, 38, 24, 14, 3, 0.16),
(95, '2024-07-08', 20, 19, 25, 4, 4, 0.19),
(96, '2024-07-13', 143, 47, 3, 13, 4, 0.00),
(97, '2024-07-09', 32, 59, 12, 11, 3, 0.12),
(98, '2024-07-14', 164, 48, 4, 11, 2, 0.09),
(99, '2024-07-10', 144, 42, 30, 10, 2, 0.13),
(100, '2024-07-11', 119, 90, 10, 11, 4, 0.02),
(101, '2024-07-01', 10, 39, 16, 2, 1, 0.05),
(102, '2024-07-09', 35, 50, 15, 6, 5, 0.08),
(103, '2024-07-12', 187, 20, 29, 7, 1, 0.17),
(104, '2024-07-10', 105, 36, 2, 12, 3, 0.04),
(105, '2024-07-08', 61, 47, 4, 11, 3, 0.11),
(106, '2024-07-11', 92, 8, 13, 5, 2, 0.19),
(107, '2024-07-14', 117, 12, 22, 4, 5, 0.19),
(108, '2024-07-01', 86, 32, 5, 13, 5, 0.04),
(109, '2024-07-14', 196, 71, 7, 10, 2, 0.16),
(110, '2024-07-04', 85, 100, 5, 13, 5, 0.00),
(111, '2024-07-14', 38, 17, 18, 5, 2, 0.02),
(112, '2024-07-14', 7, 17, 1, 6, 2, 0.12),
(113, '2024-07-01', 45, 34, 2, 3, 4, 0.11),
(114, '2024-07-12', 17, 61, 15, 13, 3, 0.10),
(115, '2024-07-02', 116, 65, 8, 10, 1, 0.15),
(116, '2024-07-15', 169, 67, 10, 8, 1, 0.01),
(117, '2024-07-08', 103, 55, 22, 2, 4, 0.14),
(118, '2024-07-08', 19, 11, 11, 10, 2, 0.01),
(119, '2024-07-05', 160, 82, 19, 9, 3, 0.08),
(120, '2024-07-10', 136, 38, 15, 9, 5, 0.09),
(121, '2024-07-13', 180, 15, 28, 11, 5, 0.14),
(122, '2024-07-04', 111, 58, 29, 4, 4, 0.07),
(123, '2024-07-08', 103, 54, 24, 2, 3, 0.09),
(124, '2024-07-11', 66, 48, 5, 11, 4, 0.01),
(125, '2024-07-14', 22, 12, 14, 2, 3, 0.16),
(126, '2024-07-09', 16, 76, 18, 9, 3, 0.13),
(127, '2024-07-07', 91, 86, 25, 7, 1, 0.19),
(128, '2024-07-10', 80, 46, 4, 10, 5, 0.04),
(129, '2024-07-11', 124, 29, 28, 2, 3, 0.17),
(130, '2024-07-06', 30, 98, 9, 10, 2, 0.16),
(131, '2024-07-14', 144, 99, 27, 10, 5, 0.13),
(132, '2024-07-09', 7, 78, 30, 11, 3, 0.01),
(133, '2024-07-05', 180, 98, 10, 15, 3, 0.07),
(134, '2024-07-03', 37, 73, 22, 7, 1, 0.03),
(135, '2024-07-11', 8, 12, 24, 9, 2, 0.08),
(136, '2024-07-08', 88, 21, 12, 5, 3, 0.16),
(137, '2024-07-10', 153, 11, 29, 1, 2, 0.03),
(138, '2024-07-10', 13, 87, 3, 5, 4, 0.13),
(139, '2024-07-08', 156, 57, 14, 5, 2, 0.15),
(140, '2024-07-02', 89, 56, 4, 5, 5, 0.10),
(141, '2024-07-11', 79, 6, 8, 7, 5, 0.01),
(142, '2024-07-04', 78, 28, 25, 3, 3, 0.06),
(143, '2024-07-02', 2, 64, 24, 7, 2, 0.03),
(144, '2024-07-09', 181, 30, 17, 9, 3, 0.01),
(145, '2024-07-14', 190, 6, 14, 1, 4, 0.18),
(146, '2024-07-14', 81, 74, 14, 10, 4, 0.14),
(147, '2024-07-07', 75, 15, 13, 1, 3, 0.03),
(148, '2024-07-10', 118, 89, 30, 6, 1, 0.09),
(149, '2024-07-02', 63, 56, 19, 7, 5, 0.02),
(150, '2024-07-14', 80, 96, 11, 4, 3, 0.16),
(151, '2024-07-02', 131, 82, 4, 9, 5, 0.04),
(152, '2024-07-13', 90, 45, 24, 14, 2, 0.05),
(153, '2024-07-03', 66, 26, 6, 10, 2, 0.15),
(154, '2024-07-11', 20, 23, 25, 11, 4, 0.09),
(155, '2024-07-10', 195, 75, 15, 11, 5, 0.13),
(156, '2024-07-10', 83, 81, 11, 3, 4, 0.01),
(157, '2024-07-08', 162, 39, 26, 5, 5, 0.01),
(158, '2024-07-09', 19, 40, 15, 8, 1, 0.01),
(159, '2024-07-14', 74, 10, 21, 14, 1, 0.12),
(160, '2024-07-09', 99, 60, 19, 9, 1, 0.09),
(161, '2024-07-13', 147, 84, 7, 6, 5, 0.10),
(162, '2024-07-03', 16, 58, 4, 13, 3, 0.20),
(163, '2024-07-02', 130, 83, 6, 1, 2, 0.14),
(164, '2024-07-08', 135, 67, 20, 3, 3, 0.07),
(165, '2024-07-05', 100, 53, 25, 6, 5, 0.01),
(166, '2024-07-11', 166, 43, 3, 6, 1, 0.11),
(167, '2024-07-07', 73, 33, 24, 14, 5, 0.17),
(168, '2024-07-06', 21, 75, 22, 3, 3, 0.06),
(169, '2024-07-11', 179, 85, 13, 3, 5, 0.14),
(170, '2024-07-02', 80, 72, 13, 11, 3, 0.16),
(171, '2024-07-11', 180, 95, 22, 15, 5, 0.02),
(172, '2024-07-11', 109, 66, 12, 1, 3, 0.06),
(173, '2024-07-04', 88, 99, 16, 4, 2, 0.20),
(174, '2024-07-03', 20, 38, 28, 13, 1, 0.10),
(175, '2024-07-09', 190, 68, 2, 11, 3, 0.18),
(176, '2024-07-10', 34, 77, 13, 3, 2, 0.04),
(177, '2024-07-12', 198, 80, 26, 15, 2, 0.14),
(178, '2024-07-01', 106, 47, 22, 12, 2, 0.19),
(179, '2024-07-10', 73, 97, 24, 13, 4, 0.05),
(180, '2024-07-04', 80, 61, 29, 14, 2, 0.07),
(181, '2024-07-10', 113, 60, 25, 5, 4, 0.10),
(182, '2024-07-07', 42, 26, 26, 10, 2, 0.17),
(183, '2024-07-01', 165, 62, 28, 6, 5, 0.19),
(184, '2024-07-12', 133, 16, 10, 2, 2, 0.05),
(185, '2024-07-15', 132, 19, 27, 7, 1, 0.19),
(186, '2024-07-04', 116, 45, 30, 1, 4, 0.01),
(187, '2024-07-09', 96, 31, 13, 2, 3, 0.04),
(188, '2024-07-06', 26, 92, 21, 6, 2, 0.03),
(189, '2024-07-05', 121, 90, 27, 3, 4, 0.09),
(190, '2024-07-01', 21, 3, 9, 4, 2, 0.11),
(191, '2024-07-12', 156, 68, 14, 2, 3, 0.05),
(192, '2024-07-02', 13, 31, 14, 11, 5, 0.09),
(193, '2024-07-02', 128, 77, 18, 1, 5, 0.12),
(194, '2024-07-12', 37, 38, 14, 1, 5, 0.07),
(195, '2024-07-10', 107, 24, 22, 11, 1, 0.10),
(196, '2024-07-06', 18, 68, 18, 9, 5, 0.11),
(197, '2024-07-07', 121, 6, 21, 7, 3, 0.05),
(198, '2024-07-01', 92, 9, 12, 4, 1, 0.15),
(199, '2024-07-12', 194, 43, 5, 1, 3, 0.11),
(200, '2024-07-14', 165, 23, 27, 13, 4, 0.20),
(201, '2024-07-08', 162, 24, 26, 3, 1, 0.14),
(202, '2024-07-08', 10, 38, 7, 1, 2, 0.18),
(203, '2024-07-06', 80, 66, 13, 14, 5, 0.09),
(204, '2024-07-01', 193, 83, 7, 5, 3, 0.17),
(205, '2024-07-01', 168, 43, 9, 2, 3, 0.09),
(206, '2024-07-07', 191, 57, 29, 7, 3, 0.19),
(207, '2024-07-08', 178, 64, 12, 15, 5, 0.05),
(208, '2024-07-02', 187, 55, 3, 7, 5, 0.20),
(209, '2024-07-03', 140, 38, 11, 2, 1, 0.07),
(210, '2024-07-05', 79, 58, 20, 12, 4, 0.03),
(211, '2024-07-08', 90, 58, 2, 12, 3, 0.12),
(212, '2024-07-07', 71, 82, 26, 1, 1, 0.13),
(213, '2024-07-07', 94, 66, 26, 12, 2, 0.19),
(214, '2024-07-03', 156, 87, 26, 8, 1, 0.03),
(215, '2024-07-04', 200, 83, 12, 6, 4, 0.19),
(216, '2024-07-01', 155, 20, 22, 8, 3, 0.07),
(217, '2024-07-13', 20, 74, 5, 9, 3, 0.08),
(218, '2024-07-11', 72, 32, 4, 1, 2, 0.10),
(219, '2024-07-07', 144, 16, 9, 13, 3, 0.14),
(220, '2024-07-04', 157, 37, 23, 15, 4, 0.04),
(221, '2024-07-03', 19, 58, 6, 15, 4, 0.20),
(222, '2024-07-13', 175, 41, 22, 6, 1, 0.11),
(223, '2024-07-05', 77, 21, 23, 12, 2, 0.16),
(224, '2024-07-09', 58, 16, 7, 13, 2, 0.05),
(225, '2024-07-08', 7, 47, 18, 10, 3, 0.09),
(226, '2024-07-09', 34, 79, 29, 2, 1, 0.06),
(227, '2024-07-12', 185, 62, 17, 7, 4, 0.16),
(228, '2024-07-02', 33, 41, 21, 2, 4, 0.09),
(229, '2024-07-09', 89, 17, 29, 14, 5, 0.13),
(230, '2024-07-03', 197, 17, 14, 9, 1, 0.17),
(231, '2024-07-09', 40, 39, 6, 3, 3, 0.19),
(232, '2024-07-04', 89, 67, 29, 5, 1, 0.05),
(233, '2024-07-11', 142, 36, 5, 11, 3, 0.12),
(234, '2024-07-02', 129, 83, 6, 10, 5, 0.03),
(235, '2024-07-11', 160, 93, 29, 10, 3, 0.17),
(236, '2024-07-10', 11, 4, 3, 1, 5, 0.05),
(237, '2024-07-04', 197, 74, 14, 10, 1, 0.10),
(238, '2024-07-11', 140, 38, 21, 5, 4, 0.05),
(239, '2024-07-13', 176, 52, 10, 8, 1, 0.14),
(240, '2024-07-03', 113, 54, 16, 8, 2, 0.07),
(241, '2024-07-03', 81, 92, 11, 12, 3, 0.20),
(242, '2024-07-03', 195, 48, 17, 9, 1, 0.06),
(243, '2024-07-08', 32, 35, 15, 4, 2, 0.02),
(244, '2024-07-05', 99, 79, 14, 4, 2, 0.16),
(245, '2024-07-15', 148, 93, 11, 4, 2, 0.10),
(246, '2024-07-09', 120, 64, 29, 5, 4, 0.00),
(247, '2024-07-07', 130, 59, 8, 4, 5, 0.07),
(248, '2024-07-01', 73, 64, 20, 15, 4, 0.06),
(249, '2024-07-01', 28, 56, 5, 15, 3, 0.15),
(250, '2024-07-13', 104, 47, 2, 7, 1, 0.11),
(251, '2024-07-04', 93, 71, 10, 2, 4, 0.10),
(252, '2024-07-13', 141, 36, 27, 10, 5, 0.02),
(253, '2024-07-02', 101, 48, 26, 6, 5, 0.19),
(254, '2024-07-13', 37, 26, 20, 9, 4, 0.10),
(255, '2024-07-01', 10, 18, 23, 6, 4, 0.10),
(256, '2024-07-03', 156, 66, 5, 6, 5, 0.06),
(257, '2024-07-07', 158, 95, 27, 5, 5, 0.07),
(258, '2024-07-14', 131, 69, 16, 12, 5, 0.06),
(259, '2024-07-14', 5, 48, 11, 11, 1, 0.20),
(260, '2024-07-10', 79, 93, 28, 12, 1, 0.12),
(261, '2024-07-05', 168, 100, 19, 10, 2, 0.14),
(262, '2024-07-10', 123, 22, 17, 11, 5, 0.15),
(263, '2024-07-07', 38, 88, 8, 1, 5, 0.19),
(264, '2024-07-02', 49, 3, 15, 6, 4, 0.03),
(265, '2024-07-12', 53, 53, 17, 13, 5, 0.18),
(266, '2024-07-14', 189, 94, 2, 12, 2, 0.10),
(267, '2024-07-09', 84, 85, 16, 9, 4, 0.06),
(268, '2024-07-03', 118, 69, 11, 9, 3, 0.14),
(269, '2024-07-14', 185, 88, 21, 13, 3, 0.12),
(270, '2024-07-04', 64, 36, 18, 5, 2, 0.19),
(271, '2024-07-05', 198, 37, 23, 4, 4, 0.06),
(272, '2024-07-06', 144, 93, 9, 5, 1, 0.11),
(273, '2024-07-09', 98, 51, 27, 6, 2, 0.06),
(274, '2024-07-05', 183, 11, 12, 15, 4, 0.13),
(275, '2024-07-12', 123, 28, 7, 14, 5, 0.05),
(276, '2024-07-09', 179, 35, 5, 2, 5, 0.15),
(277, '2024-07-04', 63, 7, 22, 15, 5, 0.05),
(278, '2024-07-04', 14, 13, 14, 6, 4, 0.02),
(279, '2024-07-13', 36, 1, 18, 15, 2, 0.08),
(280, '2024-07-15', 122, 62, 21, 4, 3, 0.06),
(281, '2024-07-11', 16, 99, 3, 11, 5, 0.05),
(282, '2024-07-12', 186, 5, 30, 15, 2, 0.08),
(283, '2024-07-14', 46, 5, 27, 7, 4, 0.04),
(284, '2024-07-12', 75, 5, 1, 5, 5, 0.12),
(285, '2024-07-15', 86, 37, 15, 11, 5, 0.10),
(286, '2024-07-15', 35, 65, 15, 5, 2, 0.16),
(287, '2024-07-06', 42, 94, 15, 11, 3, 0.14),
(288, '2024-07-01', 189, 44, 26, 5, 5, 0.13),
(289, '2024-07-04', 45, 79, 28, 11, 4, 0.17),
(290, '2024-07-09', 84, 12, 13, 11, 1, 0.04),
(291, '2024-07-03', 123, 42, 30, 4, 1, 0.05),
(292, '2024-07-04', 115, 97, 9, 6, 3, 0.12),
(293, '2024-07-10', 3, 34, 21, 6, 2, 0.01),
(294, '2024-07-02', 120, 40, 6, 7, 5, 0.18),
(295, '2024-07-15', 181, 99, 10, 12, 1, 0.13),
(296, '2024-07-05', 95, 79, 8, 4, 2, 0.10),
(297, '2024-07-08', 192, 78, 12, 7, 5, 0.18),
(298, '2024-07-13', 138, 86, 27, 4, 2, 0.14),
(299, '2024-07-10', 21, 68, 15, 9, 3, 0.02),
(300, '2024-07-10', 29, 8, 27, 9, 5, 0.04),
(301, '2024-07-09', 39, 22, 11, 14, 5, 0.09),
(302, '2024-07-11', 53, 92, 19, 8, 1, 0.18),
(303, '2024-07-08', 15, 59, 5, 9, 4, 0.09),
(304, '2024-07-01', 144, 60, 22, 13, 3, 0.14),
(305, '2024-07-07', 66, 1, 24, 4, 5, 0.01),
(306, '2024-07-07', 89, 90, 3, 9, 1, 0.19),
(307, '2024-07-02', 121, 5, 10, 7, 2, 0.15),
(308, '2024-07-13', 165, 94, 21, 7, 3, 0.20),
(309, '2024-07-07', 115, 49, 13, 2, 5, 0.03),
(310, '2024-07-14', 90, 16, 6, 9, 4, 0.11),
(311, '2024-07-12', 58, 1, 25, 1, 3, 0.09),
(312, '2024-07-12', 140, 55, 18, 7, 2, 0.05),
(313, '2024-07-06', 40, 36, 7, 15, 1, 0.01),
(314, '2024-07-11', 108, 79, 25, 15, 1, 0.05),
(315, '2024-07-02', 26, 77, 2, 8, 5, 0.13),
(316, '2024-07-14', 13, 32, 24, 1, 4, 0.09),
(317, '2024-07-09', 56, 97, 28, 13, 1, 0.03),
(318, '2024-07-05', 60, 94, 19, 6, 5, 0.12),
(319, '2024-07-11', 83, 31, 10, 15, 2, 0.20),
(320, '2024-07-09', 57, 53, 10, 5, 1, 0.11),
(321, '2024-07-10', 189, 23, 21, 11, 4, 0.11),
(322, '2024-07-01', 89, 83, 22, 7, 5, 0.06),
(323, '2024-07-07', 105, 20, 10, 7, 2, 0.15),
(324, '2024-07-08', 62, 29, 10, 14, 2, 0.16),
(325, '2024-07-15', 15, 72, 14, 7, 5, 0.11),
(326, '2024-07-07', 63, 33, 7, 6, 1, 0.18),
(327, '2024-07-14', 95, 12, 18, 12, 2, 0.01),
(328, '2024-07-07', 173, 78, 20, 1, 1, 0.04),
(329, '2024-07-13', 151, 93, 22, 9, 2, 0.10),
(330, '2024-07-14', 86, 39, 30, 1, 2, 0.19),
(331, '2024-07-12', 31, 96, 25, 8, 2, 0.14),
(332, '2024-07-12', 53, 51, 30, 4, 5, 0.06),
(333, '2024-07-05', 98, 60, 18, 11, 3, 0.06),
(334, '2024-07-06', 132, 64, 15, 2, 4, 0.15),
(335, '2024-07-06', 53, 48, 11, 7, 1, 0.11),
(336, '2024-07-04', 190, 19, 1, 5, 5, 0.19),
(337, '2024-07-10', 185, 54, 10, 3, 2, 0.07),
(338, '2024-07-07', 146, 32, 16, 9, 3, 0.05),
(339, '2024-07-14', 126, 93, 21, 12, 4, 0.09),
(340, '2024-07-12', 91, 22, 5, 12, 5, 0.10),
(341, '2024-07-15', 139, 83, 2, 9, 1, 0.17),
(342, '2024-07-02', 172, 7, 25, 1, 4, 0.03),
(343, '2024-07-11', 60, 9, 23, 3, 1, 0.04),
(344, '2024-07-08', 96, 8, 20, 11, 5, 0.18),
(345, '2024-07-11', 125, 3, 1, 9, 5, 0.08),
(346, '2024-07-01', 136, 93, 9, 9, 3, 0.00),
(347, '2024-07-14', 179, 87, 14, 13, 2, 0.02),
(348, '2024-07-02', 135, 20, 8, 4, 5, 0.11),
(349, '2024-07-14', 91, 35, 26, 7, 1, 0.07),
(350, '2024-07-07', 118, 73, 8, 12, 2, 0.06),
(351, '2024-07-14', 21, 84, 28, 11, 1, 0.02),
(352, '2024-07-07', 97, 71, 16, 1, 1, 0.14),
(353, '2024-07-02', 128, 56, 21, 13, 3, 0.11),
(354, '2024-07-14', 25, 68, 30, 1, 2, 0.04),
(355, '2024-07-14', 178, 73, 16, 5, 1, 0.18),
(356, '2024-07-11', 72, 70, 19, 11, 1, 0.04),
(357, '2024-07-14', 81, 3, 7, 10, 2, 0.15),
(358, '2024-07-12', 102, 10, 10, 3, 5, 0.05),
(359, '2024-07-14', 100, 87, 29, 9, 3, 0.08),
(360, '2024-07-12', 36, 89, 24, 2, 5, 0.15),
(361, '2024-07-06', 14, 13, 14, 4, 1, 0.07),
(362, '2024-07-13', 158, 77, 13, 13, 3, 0.01),
(363, '2024-07-05', 116, 63, 8, 6, 5, 0.19),
(364, '2024-07-07', 48, 88, 19, 11, 4, 0.02),
(365, '2024-07-10', 76, 32, 23, 2, 1, 0.05),
(366, '2024-07-07', 183, 82, 5, 12, 4, 0.06),
(367, '2024-07-02', 24, 1, 10, 8, 3, 0.15),
(368, '2024-07-02', 34, 12, 6, 7, 4, 0.11),
(369, '2024-07-09', 105, 14, 1, 2, 3, 0.11),
(370, '2024-07-10', 154, 42, 28, 7, 1, 0.06),
(371, '2024-07-07', 200, 11, 24, 15, 5, 0.18),
(372, '2024-07-04', 147, 67, 6, 11, 4, 0.03),
(373, '2024-07-05', 78, 35, 16, 3, 1, 0.03),
(374, '2024-07-05', 108, 39, 16, 13, 1, 0.07),
(375, '2024-07-04', 185, 81, 16, 10, 5, 0.04),
(376, '2024-07-02', 35, 39, 1, 7, 3, 0.17),
(377, '2024-07-07', 85, 57, 11, 7, 5, 0.03),
(378, '2024-07-06', 155, 89, 7, 8, 3, 0.04),
(379, '2024-07-07', 82, 38, 24, 12, 4, 0.19),
(380, '2024-07-13', 63, 42, 13, 5, 4, 0.07),
(381, '2024-07-15', 145, 26, 19, 9, 2, 0.14),
(382, '2024-07-09', 7, 94, 15, 12, 2, 0.09),
(383, '2024-07-05', 178, 9, 27, 14, 4, 0.13),
(384, '2024-07-03', 163, 39, 8, 5, 2, 0.14),
(385, '2024-07-13', 97, 10, 15, 10, 4, 0.12),
(386, '2024-07-09', 130, 89, 14, 9, 1, 0.16),
(387, '2024-07-06', 180, 69, 20, 11, 1, 0.02),
(388, '2024-07-04', 169, 86, 12, 3, 5, 0.01),
(389, '2024-07-11', 174, 83, 13, 13, 3, 0.19),
(390, '2024-07-07', 28, 2, 4, 5, 2, 0.10),
(391, '2024-07-09', 143, 75, 23, 10, 2, 0.09),
(392, '2024-07-07', 119, 99, 22, 10, 5, 0.03),
(393, '2024-07-01', 124, 14, 10, 7, 1, 0.02),
(394, '2024-07-12', 37, 45, 10, 6, 4, 0.16),
(395, '2024-07-09', 124, 45, 16, 2, 4, 0.14),
(396, '2024-07-08', 82, 9, 10, 1, 1, 0.00),
(397, '2024-07-06', 166, 14, 22, 13, 2, 0.19),
(398, '2024-07-12', 63, 67, 6, 9, 2, 0.07),
(399, '2024-07-07', 119, 30, 26, 7, 2, 0.04),
(400, '2024-07-11', 111, 51, 1, 12, 5, 0.18),
(401, '2024-07-08', 152, 55, 13, 1, 2, 0.04),
(402, '2024-07-13', 181, 9, 19, 2, 5, 0.04),
(403, '2024-07-06', 51, 59, 4, 5, 4, 0.11),
(404, '2024-07-11', 81, 77, 13, 10, 4, 0.12),
(405, '2024-07-06', 91, 59, 20, 3, 3, 0.18),
(406, '2024-07-10', 22, 87, 5, 6, 1, 0.05),
(407, '2024-07-02', 47, 48, 23, 3, 5, 0.08),
(408, '2024-07-10', 36, 74, 13, 7, 2, 0.10),
(409, '2024-07-09', 178, 83, 30, 3, 5, 0.03),
(410, '2024-07-05', 36, 24, 11, 14, 4, 0.12),
(411, '2024-07-14', 92, 2, 16, 3, 2, 0.16),
(412, '2024-07-09', 130, 84, 16, 7, 4, 0.08),
(413, '2024-07-14', 114, 63, 6, 2, 5, 0.01),
(414, '2024-07-13', 57, 38, 2, 5, 2, 0.11),
(415, '2024-07-03', 200, 59, 19, 12, 4, 0.11),
(416, '2024-07-02', 147, 15, 9, 13, 5, 0.16),
(417, '2024-07-06', 139, 97, 2, 13, 4, 0.11),
(418, '2024-07-07', 27, 95, 27, 11, 2, 0.06),
(419, '2024-07-01', 116, 34, 12, 14, 1, 0.09),
(420, '2024-07-02', 199, 31, 7, 13, 5, 0.14),
(421, '2024-07-14', 182, 79, 21, 7, 2, 0.12),
(422, '2024-07-13', 53, 27, 26, 1, 5, 0.07),
(423, '2024-07-05', 153, 69, 6, 6, 3, 0.06),
(424, '2024-07-05', 132, 87, 27, 2, 2, 0.19),
(425, '2024-07-13', 106, 8, 9, 14, 2, 0.14),
(426, '2024-07-03', 64, 19, 23, 6, 2, 0.15),
(427, '2024-07-11', 101, 63, 5, 10, 3, 0.13),
(428, '2024-07-07', 116, 10, 21, 13, 1, 0.08),
(429, '2024-07-12', 72, 89, 30, 15, 3, 0.09),
(430, '2024-07-08', 84, 75, 1, 14, 1, 0.15),
(431, '2024-07-08', 163, 86, 23, 6, 1, 0.16),
(432, '2024-07-07', 56, 55, 27, 4, 4, 0.05),
(433, '2024-07-14', 73, 44, 18, 10, 2, 0.11),
(434, '2024-07-08', 88, 88, 25, 1, 1, 0.02),
(435, '2024-07-13', 118, 3, 4, 15, 2, 0.09),
(436, '2024-07-01', 110, 26, 23, 15, 2, 0.18),
(437, '2024-07-05', 41, 36, 3, 11, 3, 0.05),
(438, '2024-07-06', 171, 84, 6, 1, 4, 0.13),
(439, '2024-07-12', 180, 97, 8, 7, 1, 0.14),
(440, '2024-07-01', 55, 62, 3, 3, 5, 0.05),
(441, '2024-07-11', 114, 2, 1, 12, 3, 0.16),
(442, '2024-07-14', 109, 89, 5, 8, 1, 0.05),
(443, '2024-07-02', 188, 14, 4, 6, 3, 0.18),
(444, '2024-07-03', 98, 100, 27, 13, 2, 0.13),
(445, '2024-07-11', 37, 9, 17, 10, 1, 0.12),
(446, '2024-07-03', 113, 45, 24, 4, 2, 0.18),
(447, '2024-07-10', 176, 57, 28, 4, 1, 0.18),
(448, '2024-07-03', 193, 16, 19, 12, 4, 0.07),
(449, '2024-07-07', 81, 18, 8, 5, 1, 0.05),
(450, '2024-07-10', 154, 93, 20, 5, 1, 0.17),
(451, '2024-07-11', 78, 27, 17, 10, 5, 0.04),
(452, '2024-07-07', 76, 83, 2, 13, 2, 0.10),
(453, '2024-07-02', 62, 64, 21, 10, 1, 0.11),
(454, '2024-07-01', 93, 41, 5, 7, 5, 0.08),
(455, '2024-07-09', 175, 23, 25, 8, 1, 0.00),
(456, '2024-07-02', 4, 34, 7, 1, 1, 0.19),
(457, '2024-07-07', 130, 37, 21, 12, 5, 0.15),
(458, '2024-07-07', 180, 52, 3, 11, 5, 0.11),
(459, '2024-07-03', 72, 11, 10, 2, 5, 0.18),
(460, '2024-07-13', 40, 69, 11, 7, 5, 0.13),
(461, '2024-07-14', 167, 88, 21, 2, 3, 0.14),
(462, '2024-07-12', 62, 8, 8, 2, 4, 0.02),
(463, '2024-07-10', 156, 8, 10, 11, 2, 0.02),
(464, '2024-07-12', 36, 90, 1, 3, 4, 0.19),
(465, '2024-07-09', 133, 93, 9, 3, 3, 0.03),
(466, '2024-07-13', 69, 94, 29, 2, 1, 0.07),
(467, '2024-07-07', 70, 68, 3, 5, 5, 0.13),
(468, '2024-07-08', 117, 66, 12, 1, 4, 0.17),
(469, '2024-07-03', 95, 21, 9, 13, 1, 0.18),
(470, '2024-07-11', 186, 15, 8, 12, 5, 0.00),
(471, '2024-07-14', 4, 32, 2, 8, 3, 0.08),
(472, '2024-07-03', 46, 5, 18, 13, 4, 0.04),
(473, '2024-07-04', 107, 93, 11, 5, 1, 0.11),
(474, '2024-07-02', 129, 87, 29, 1, 2, 0.04),
(475, '2024-07-09', 12, 52, 3, 15, 4, 0.17),
(476, '2024-07-13', 80, 42, 3, 9, 4, 0.00),
(477, '2024-07-04', 75, 73, 26, 5, 5, 0.05),
(478, '2024-07-06', 152, 64, 25, 13, 2, 0.15),
(479, '2024-07-09', 195, 32, 5, 1, 4, 0.00),
(480, '2024-07-09', 89, 82, 27, 12, 1, 0.19),
(481, '2024-07-01', 195, 85, 13, 14, 3, 0.02),
(482, '2024-07-09', 61, 54, 16, 1, 2, 0.14),
(483, '2024-07-02', 12, 30, 29, 14, 5, 0.08),
(484, '2024-07-15', 96, 59, 24, 2, 5, 0.02),
(485, '2024-07-03', 164, 51, 3, 10, 5, 0.01),
(486, '2024-07-11', 34, 31, 10, 5, 3, 0.19),
(487, '2024-07-07', 180, 95, 11, 6, 4, 0.05),
(488, '2024-07-02', 52, 18, 25, 13, 5, 0.02),
(489, '2024-07-02', 43, 58, 15, 6, 4, 0.02),
(490, '2024-07-06', 198, 27, 15, 5, 4, 0.05),
(491, '2024-07-02', 24, 21, 26, 11, 3, 0.17),
(492, '2024-07-12', 155, 6, 7, 14, 3, 0.03),
(493, '2024-07-12', 64, 46, 13, 9, 1, 0.14),
(494, '2024-07-05', 45, 4, 13, 14, 4, 0.11),
(495, '2024-07-09', 64, 13, 15, 2, 2, 0.02),
(496, '2024-07-01', 200, 29, 5, 4, 4, 0.07),
(497, '2024-07-11', 166, 11, 19, 10, 3, 0.18),
(498, '2024-07-02', 6, 9, 7, 15, 4, 0.16),
(499, '2024-07-02', 85, 16, 2, 8, 1, 0.03),
(500, '2024-07-10', 111, 93, 13, 8, 1, 0.08),
(501, '2024-07-07', 45, 46, 7, 15, 2, 0.05),
(502, '2024-07-08', 39, 5, 20, 10, 5, 0.05),
(503, '2024-07-05', 128, 53, 29, 9, 4, 0.01),
(504, '2024-07-05', 99, 18, 14, 4, 5, 0.05),
(505, '2024-07-13', 140, 3, 13, 13, 3, 0.10),
(506, '2024-07-13', 125, 45, 30, 10, 5, 0.06),
(507, '2024-07-05', 47, 4, 11, 10, 2, 0.01),
(508, '2024-07-13', 200, 36, 2, 13, 4, 0.11),
(509, '2024-07-13', 150, 30, 6, 2, 2, 0.13),
(510, '2024-07-05', 137, 95, 2, 13, 2, 0.12),
(511, '2024-07-13', 100, 46, 30, 14, 2, 0.04),
(512, '2024-07-10', 82, 95, 23, 6, 5, 0.01),
(513, '2024-07-12', 91, 73, 19, 3, 5, 0.19),
(514, '2024-07-14', 127, 70, 10, 3, 4, 0.01),
(515, '2024-07-01', 60, 78, 8, 1, 5, 0.10),
(516, '2024-07-06', 158, 26, 26, 3, 3, 0.14),
(517, '2024-07-15', 83, 8, 1, 3, 5, 0.14),
(518, '2024-07-03', 199, 15, 28, 9, 3, 0.19),
(519, '2024-07-06', 181, 85, 13, 10, 1, 0.07),
(520, '2024-07-06', 35, 21, 24, 7, 4, 0.13),
(521, '2024-07-03', 182, 72, 23, 15, 5, 0.16),
(522, '2024-07-04', 171, 76, 27, 3, 4, 0.06),
(523, '2024-07-12', 76, 17, 6, 12, 1, 0.19),
(524, '2024-07-10', 101, 99, 19, 1, 2, 0.12),
(525, '2024-07-15', 157, 29, 21, 10, 1, 0.19),
(526, '2024-07-03', 85, 96, 3, 4, 3, 0.20),
(527, '2024-07-03', 163, 12, 27, 12, 3, 0.09),
(528, '2024-07-05', 54, 32, 23, 2, 3, 0.05),
(529, '2024-07-02', 185, 1, 2, 7, 4, 0.15),
(530, '2024-07-03', 106, 64, 29, 7, 3, 0.11),
(531, '2024-07-02', 123, 74, 21, 13, 2, 0.03),
(532, '2024-07-02', 9, 38, 1, 6, 3, 0.19),
(533, '2024-07-02', 88, 22, 29, 7, 2, 0.15),
(534, '2024-07-09', 24, 44, 20, 10, 4, 0.14),
(535, '2024-07-07', 168, 22, 20, 15, 4, 0.03),
(536, '2024-07-02', 85, 27, 7, 7, 5, 0.14),
(537, '2024-07-12', 139, 34, 22, 5, 3, 0.05),
(538, '2024-07-01', 101, 74, 18, 14, 4, 0.03),
(539, '2024-07-06', 1, 55, 3, 5, 5, 0.10),
(540, '2024-07-02', 7, 27, 6, 11, 3, 0.20),
(541, '2024-07-08', 30, 40, 26, 7, 4, 0.10),
(542, '2024-07-11', 68, 12, 21, 9, 4, 0.04),
(543, '2024-07-15', 98, 48, 6, 8, 1, 0.05),
(544, '2024-07-08', 68, 29, 27, 5, 5, 0.01),
(545, '2024-07-13', 179, 86, 4, 2, 3, 0.16),
(546, '2024-07-07', 194, 76, 8, 9, 1, 0.17),
(547, '2024-07-14', 134, 54, 18, 11, 4, 0.11),
(548, '2024-07-04', 122, 39, 3, 7, 1, 0.10),
(549, '2024-07-15', 133, 74, 22, 10, 2, 0.02),
(550, '2024-07-13', 115, 23, 6, 4, 2, 0.03),
(551, '2024-07-07', 21, 88, 14, 4, 2, 0.17),
(552, '2024-07-05', 82, 94, 30, 13, 1, 0.02),
(553, '2024-07-09', 102, 71, 11, 14, 3, 0.10),
(554, '2024-07-15', 4, 90, 20, 10, 5, 0.16),
(555, '2024-07-02', 107, 20, 5, 10, 5, 0.12),
(556, '2024-07-02', 28, 73, 25, 2, 3, 0.17),
(557, '2024-07-15', 89, 53, 9, 7, 4, 0.11),
(558, '2024-07-08', 10, 23, 9, 7, 2, 0.12),
(559, '2024-07-11', 178, 52, 2, 7, 3, 0.14),
(560, '2024-07-01', 191, 61, 30, 5, 3, 0.00),
(561, '2024-07-14', 78, 40, 9, 14, 4, 0.17),
(562, '2024-07-11', 26, 30, 5, 5, 4, 0.15),
(563, '2024-07-06', 69, 94, 14, 10, 1, 0.04),
(564, '2024-07-04', 105, 95, 16, 13, 5, 0.17),
(565, '2024-07-14', 15, 66, 26, 3, 1, 0.06),
(566, '2024-07-09', 104, 18, 25, 14, 5, 0.18),
(567, '2024-07-01', 45, 25, 29, 14, 2, 0.17),
(568, '2024-07-04', 9, 59, 2, 15, 3, 0.14),
(569, '2024-07-05', 95, 60, 17, 7, 1, 0.14),
(570, '2024-07-04', 96, 63, 20, 8, 2, 0.19),
(571, '2024-07-08', 151, 71, 12, 6, 2, 0.17),
(572, '2024-07-05', 192, 89, 3, 5, 1, 0.08),
(573, '2024-07-03', 147, 100, 7, 14, 2, 0.13),
(574, '2024-07-11', 53, 35, 21, 7, 5, 0.00),
(575, '2024-07-13', 197, 88, 1, 8, 2, 0.13),
(576, '2024-07-10', 3, 29, 9, 10, 3, 0.14),
(577, '2024-07-12', 165, 36, 14, 15, 4, 0.17),
(578, '2024-07-08', 65, 28, 15, 5, 5, 0.16),
(579, '2024-07-07', 150, 14, 1, 9, 3, 0.11),
(580, '2024-07-10', 156, 37, 10, 11, 1, 0.10),
(581, '2024-07-06', 71, 82, 11, 14, 3, 0.05),
(582, '2024-07-12', 167, 39, 7, 3, 5, 0.15),
(583, '2024-07-15', 15, 77, 13, 11, 3, 0.14),
(584, '2024-07-12', 7, 84, 16, 5, 3, 0.18),
(585, '2024-07-07', 100, 95, 2, 10, 5, 0.16),
(586, '2024-07-06', 186, 92, 8, 11, 5, 0.13),
(587, '2024-07-08', 172, 46, 17, 5, 2, 0.17),
(588, '2024-07-15', 143, 24, 10, 2, 4, 0.03),
(589, '2024-07-05', 186, 72, 25, 15, 2, 0.19),
(590, '2024-07-15', 86, 84, 3, 4, 3, 0.04),
(591, '2024-07-14', 79, 54, 26, 15, 3, 0.07),
(592, '2024-07-10', 76, 60, 28, 2, 4, 0.01),
(593, '2024-07-11', 150, 75, 20, 2, 4, 0.18),
(594, '2024-07-09', 31, 88, 13, 9, 3, 0.08),
(595, '2024-07-14', 39, 18, 7, 6, 4, 0.20),
(596, '2024-07-15', 118, 19, 11, 14, 2, 0.16),
(597, '2024-07-08', 86, 81, 6, 6, 1, 0.00),
(598, '2024-07-05', 54, 98, 25, 3, 5, 0.15),
(599, '2024-07-08', 196, 100, 3, 3, 5, 0.09),
(600, '2024-07-07', 104, 55, 16, 7, 1, 0.01),
(601, '2024-07-04', 188, 48, 1, 15, 3, 0.15),
(602, '2024-07-09', 49, 3, 22, 1, 2, 0.05),
(603, '2024-07-15', 89, 40, 5, 2, 4, 0.10),
(604, '2024-07-05', 43, 9, 27, 1, 3, 0.19),
(605, '2024-07-08', 187, 67, 20, 9, 3, 0.09),
(606, '2024-07-11', 35, 44, 29, 8, 3, 0.15),
(607, '2024-07-03', 104, 3, 8, 4, 2, 0.04),
(608, '2024-07-01', 151, 65, 6, 2, 3, 0.14),
(609, '2024-07-13', 10, 49, 29, 11, 3, 0.15),
(610, '2024-07-10', 13, 77, 2, 11, 1, 0.13),
(611, '2024-07-01', 13, 89, 4, 7, 4, 0.08),
(612, '2024-07-09', 65, 61, 23, 3, 2, 0.14),
(613, '2024-07-11', 3, 39, 14, 11, 1, 0.13),
(614, '2024-07-05', 160, 78, 23, 3, 4, 0.17),
(615, '2024-07-02', 131, 93, 20, 2, 3, 0.02),
(616, '2024-07-02', 128, 26, 20, 4, 3, 0.17),
(617, '2024-07-04', 92, 91, 14, 5, 2, 0.01),
(618, '2024-07-08', 54, 89, 30, 8, 3, 0.05),
(619, '2024-07-01', 172, 12, 30, 2, 5, 0.13),
(620, '2024-07-03', 24, 100, 17, 2, 1, 0.18),
(621, '2024-07-11', 60, 59, 10, 5, 4, 0.01),
(622, '2024-07-14', 45, 6, 28, 5, 3, 0.16),
(623, '2024-07-06', 110, 95, 4, 2, 1, 0.00),
(624, '2024-07-03', 170, 83, 6, 6, 3, 0.18),
(625, '2024-07-10', 69, 94, 3, 6, 3, 0.04),
(626, '2024-07-07', 103, 59, 9, 14, 4, 0.14),
(627, '2024-07-08', 108, 84, 29, 13, 2, 0.02),
(628, '2024-07-12', 186, 8, 28, 3, 1, 0.08),
(629, '2024-07-10', 124, 73, 22, 8, 2, 0.12),
(630, '2024-07-13', 92, 79, 1, 14, 2, 0.10),
(631, '2024-07-08', 29, 53, 15, 1, 1, 0.05),
(632, '2024-07-06', 4, 91, 28, 11, 5, 0.15),
(633, '2024-07-10', 186, 73, 8, 11, 3, 0.10),
(634, '2024-07-12', 180, 80, 4, 7, 2, 0.10),
(635, '2024-07-11', 174, 83, 13, 3, 5, 0.18),
(636, '2024-07-10', 14, 2, 21, 15, 2, 0.10),
(637, '2024-07-08', 127, 22, 3, 13, 4, 0.06),
(638, '2024-07-06', 72, 7, 17, 4, 5, 0.13),
(639, '2024-07-07', 61, 11, 15, 8, 5, 0.09),
(640, '2024-07-14', 128, 58, 11, 2, 4, 0.15),
(641, '2024-07-01', 27, 52, 14, 1, 5, 0.11),
(642, '2024-07-14', 24, 78, 20, 11, 3, 0.18),
(643, '2024-07-09', 53, 84, 22, 8, 3, 0.07),
(644, '2024-07-01', 58, 59, 11, 9, 5, 0.12),
(645, '2024-07-12', 169, 47, 23, 8, 1, 0.02),
(646, '2024-07-11', 57, 1, 11, 6, 3, 0.11),
(647, '2024-07-06', 180, 14, 2, 15, 2, 0.10),
(648, '2024-07-14', 184, 96, 24, 7, 1, 0.05),
(649, '2024-07-04', 49, 16, 30, 14, 4, 0.04),
(650, '2024-07-14', 49, 92, 11, 2, 4, 0.01),
(651, '2024-07-11', 173, 76, 4, 13, 4, 0.09),
(652, '2024-07-10', 130, 18, 16, 1, 5, 0.15),
(653, '2024-07-09', 111, 75, 16, 15, 5, 0.16),
(654, '2024-07-15', 46, 89, 19, 3, 2, 0.02),
(655, '2024-07-11', 154, 78, 29, 6, 5, 0.18),
(656, '2024-07-07', 156, 89, 25, 4, 3, 0.08),
(657, '2024-07-06', 76, 58, 26, 3, 2, 0.08),
(658, '2024-07-12', 192, 66, 10, 14, 5, 0.17),
(659, '2024-07-12', 189, 71, 21, 4, 2, 0.04),
(660, '2024-07-12', 75, 88, 12, 15, 2, 0.20),
(661, '2024-07-11', 46, 65, 18, 12, 3, 0.14),
(662, '2024-07-13', 91, 72, 16, 10, 5, 0.19),
(663, '2024-07-12', 107, 87, 24, 15, 5, 0.06),
(664, '2024-07-14', 109, 2, 17, 2, 1, 0.08),
(665, '2024-07-01', 172, 8, 7, 5, 2, 0.20),
(666, '2024-07-11', 65, 19, 27, 1, 3, 0.04),
(667, '2024-07-09', 9, 46, 27, 8, 1, 0.12),
(668, '2024-07-11', 190, 72, 28, 4, 5, 0.08),
(669, '2024-07-09', 179, 37, 23, 11, 1, 0.19),
(670, '2024-07-07', 107, 88, 11, 9, 1, 0.00),
(671, '2024-07-05', 52, 80, 28, 13, 4, 0.17),
(672, '2024-07-15', 163, 91, 23, 11, 3, 0.15),
(673, '2024-07-09', 190, 78, 7, 13, 2, 0.06),
(674, '2024-07-03', 175, 10, 6, 3, 5, 0.02),
(675, '2024-07-01', 110, 36, 18, 5, 2, 0.03),
(676, '2024-07-14', 66, 1, 11, 8, 2, 0.01),
(677, '2024-07-15', 83, 77, 2, 13, 5, 0.17),
(678, '2024-07-05', 126, 74, 18, 6, 1, 0.16),
(679, '2024-07-06', 135, 29, 6, 9, 1, 0.16),
(680, '2024-07-03', 107, 70, 18, 7, 1, 0.07),
(681, '2024-07-15', 55, 85, 11, 6, 3, 0.06),
(682, '2024-07-13', 159, 68, 16, 9, 1, 0.02),
(683, '2024-07-06', 115, 31, 29, 11, 5, 0.18),
(684, '2024-07-04', 11, 88, 29, 6, 4, 0.18),
(685, '2024-07-02', 99, 33, 18, 12, 3, 0.00),
(686, '2024-07-09', 198, 48, 17, 13, 5, 0.09),
(687, '2024-07-01', 76, 84, 7, 6, 5, 0.02),
(688, '2024-07-02', 43, 99, 18, 9, 1, 0.13),
(689, '2024-07-04', 172, 81, 25, 4, 4, 0.17),
(690, '2024-07-04', 138, 90, 29, 12, 4, 0.13),
(691, '2024-07-02', 192, 88, 5, 1, 4, 0.14),
(692, '2024-07-01', 23, 10, 2, 3, 3, 0.11),
(693, '2024-07-10', 59, 34, 14, 7, 4, 0.13),
(694, '2024-07-07', 81, 3, 13, 11, 1, 0.11),
(695, '2024-07-11', 185, 80, 3, 13, 5, 0.01),
(696, '2024-07-14', 19, 46, 30, 9, 1, 0.06),
(697, '2024-07-11', 78, 78, 3, 5, 4, 0.08),
(698, '2024-07-14', 170, 4, 16, 3, 5, 0.04),
(699, '2024-07-12', 101, 70, 10, 11, 2, 0.06),
(700, '2024-07-15', 187, 83, 12, 1, 5, 0.17),
(701, '2024-07-03', 32, 6, 1, 10, 5, 0.08),
(702, '2024-07-09', 22, 40, 7, 12, 3, 0.04),
(703, '2024-07-15', 166, 66, 5, 3, 2, 0.04),
(704, '2024-07-14', 65, 25, 4, 3, 5, 0.17),
(705, '2024-07-14', 193, 71, 15, 11, 5, 0.01),
(706, '2024-07-11', 18, 33, 4, 4, 5, 0.10),
(707, '2024-07-06', 92, 17, 22, 11, 2, 0.02),
(708, '2024-07-10', 18, 25, 11, 8, 4, 0.07),
(709, '2024-07-11', 79, 89, 19, 3, 5, 0.11),
(710, '2024-07-13', 81, 55, 6, 1, 3, 0.05),
(711, '2024-07-04', 183, 95, 21, 7, 3, 0.17),
(712, '2024-07-03', 174, 94, 11, 15, 4, 0.09),
(713, '2024-07-06', 199, 40, 16, 9, 1, 0.04),
(714, '2024-07-10', 21, 36, 28, 14, 2, 0.18),
(715, '2024-07-04', 68, 94, 29, 11, 1, 0.15),
(716, '2024-07-15', 5, 65, 21, 1, 5, 0.12),
(717, '2024-07-13', 152, 28, 30, 1, 5, 0.05),
(718, '2024-07-15', 139, 61, 21, 13, 2, 0.07),
(719, '2024-07-04', 198, 76, 24, 14, 3, 0.03),
(720, '2024-07-09', 131, 12, 13, 6, 5, 0.00),
(721, '2024-07-04', 158, 88, 6, 13, 5, 0.03),
(722, '2024-07-03', 46, 73, 19, 11, 2, 0.15),
(723, '2024-07-08', 92, 6, 8, 13, 4, 0.05),
(724, '2024-07-05', 95, 30, 2, 11, 2, 0.10),
(725, '2024-07-13', 93, 50, 16, 15, 4, 0.18),
(726, '2024-07-01', 167, 42, 4, 12, 5, 0.13),
(727, '2024-07-05', 190, 34, 19, 9, 5, 0.03),
(728, '2024-07-11', 97, 47, 19, 11, 1, 0.10),
(729, '2024-07-07', 58, 67, 13, 6, 3, 0.10),
(730, '2024-07-08', 155, 1, 17, 15, 2, 0.09),
(731, '2024-07-04', 20, 66, 21, 5, 2, 0.03),
(732, '2024-07-03', 93, 78, 23, 14, 1, 0.13),
(733, '2024-07-07', 85, 93, 4, 8, 4, 0.10),
(734, '2024-07-10', 42, 83, 27, 7, 1, 0.05),
(735, '2024-07-03', 147, 76, 6, 3, 5, 0.01),
(736, '2024-07-10', 38, 8, 6, 5, 2, 0.10),
(737, '2024-07-07', 154, 73, 21, 1, 3, 0.19),
(738, '2024-07-04', 115, 78, 16, 14, 4, 0.03),
(739, '2024-07-14', 106, 77, 5, 13, 5, 0.16),
(740, '2024-07-03', 160, 85, 17, 5, 2, 0.14),
(741, '2024-07-06', 117, 77, 19, 2, 2, 0.08),
(742, '2024-07-03', 28, 3, 7, 9, 5, 0.14),
(743, '2024-07-14', 39, 78, 4, 3, 4, 0.18),
(744, '2024-07-10', 10, 69, 17, 13, 1, 0.02),
(745, '2024-07-11', 34, 78, 18, 14, 1, 0.18),
(746, '2024-07-13', 174, 84, 14, 9, 4, 0.07),
(747, '2024-07-01', 179, 68, 14, 4, 4, 0.16),
(748, '2024-07-07', 90, 76, 26, 12, 5, 0.02),
(749, '2024-07-03', 66, 62, 25, 4, 1, 0.06),
(750, '2024-07-15', 140, 53, 9, 4, 1, 0.14),
(751, '2024-07-13', 2, 74, 17, 2, 5, 0.00),
(752, '2024-07-11', 53, 89, 26, 6, 4, 0.07),
(753, '2024-07-03', 110, 84, 19, 5, 3, 0.17),
(754, '2024-07-07', 145, 47, 20, 5, 4, 0.15),
(755, '2024-07-07', 142, 72, 16, 3, 3, 0.11),
(756, '2024-07-08', 65, 40, 19, 6, 4, 0.15),
(757, '2024-07-14', 169, 16, 24, 4, 4, 0.16),
(758, '2024-07-03', 26, 28, 17, 7, 3, 0.16),
(759, '2024-07-10', 179, 88, 23, 1, 2, 0.08),
(760, '2024-07-11', 2, 12, 27, 3, 4, 0.19),
(761, '2024-07-07', 23, 9, 9, 4, 3, 0.02),
(762, '2024-07-01', 186, 50, 30, 7, 5, 0.13),
(763, '2024-07-05', 183, 77, 2, 13, 2, 0.13),
(764, '2024-07-08', 3, 26, 28, 11, 5, 0.06),
(765, '2024-07-01', 154, 66, 17, 12, 2, 0.12),
(766, '2024-07-11', 10, 47, 8, 11, 1, 0.20),
(767, '2024-07-02', 71, 100, 13, 6, 4, 0.08),
(768, '2024-07-04', 133, 2, 24, 12, 1, 0.18),
(769, '2024-07-09', 73, 93, 27, 9, 5, 0.07),
(770, '2024-07-14', 71, 29, 20, 4, 4, 0.19),
(771, '2024-07-10', 2, 34, 6, 7, 5, 0.02),
(772, '2024-07-02', 129, 38, 11, 2, 5, 0.19),
(773, '2024-07-15', 138, 74, 9, 12, 4, 0.19),
(774, '2024-07-10', 124, 99, 8, 13, 3, 0.19),
(775, '2024-07-08', 175, 59, 29, 10, 1, 0.10),
(776, '2024-07-05', 18, 49, 21, 13, 2, 0.14),
(777, '2024-07-04', 81, 53, 12, 9, 5, 0.00),
(778, '2024-07-14', 68, 32, 10, 2, 4, 0.13),
(779, '2024-07-14', 88, 10, 18, 15, 2, 0.10),
(780, '2024-07-06', 56, 74, 9, 3, 2, 0.10),
(781, '2024-07-04', 61, 95, 8, 14, 3, 0.04),
(782, '2024-07-04', 64, 80, 12, 3, 1, 0.02),
(783, '2024-07-02', 174, 85, 16, 10, 1, 0.15),
(784, '2024-07-09', 11, 62, 12, 10, 3, 0.10),
(785, '2024-07-15', 148, 36, 16, 3, 5, 0.06),
(786, '2024-07-04', 193, 74, 5, 1, 5, 0.16),
(787, '2024-07-08', 139, 5, 17, 6, 4, 0.17),
(788, '2024-07-13', 45, 59, 4, 12, 5, 0.09),
(789, '2024-07-12', 3, 2, 22, 4, 4, 0.12),
(790, '2024-07-06', 93, 79, 28, 5, 2, 0.11),
(791, '2024-07-04', 69, 61, 20, 6, 3, 0.04),
(792, '2024-07-07', 54, 54, 23, 13, 3, 0.07),
(793, '2024-07-07', 72, 58, 6, 10, 2, 0.20),
(794, '2024-07-11', 59, 13, 24, 5, 2, 0.11),
(795, '2024-07-14', 98, 26, 5, 13, 2, 0.09),
(796, '2024-07-01', 46, 54, 16, 3, 5, 0.11),
(797, '2024-07-06', 125, 39, 9, 9, 5, 0.01),
(798, '2024-07-02', 177, 21, 2, 4, 3, 0.10),
(799, '2024-07-11', 25, 58, 24, 6, 3, 0.07),
(800, '2024-07-09', 143, 33, 12, 1, 4, 0.02),
(801, '2024-07-14', 174, 78, 7, 10, 5, 0.13),
(802, '2024-07-09', 45, 100, 10, 6, 3, 0.13),
(803, '2024-07-08', 199, 95, 15, 15, 1, 0.08),
(804, '2024-07-05', 119, 81, 5, 14, 2, 0.13),
(805, '2024-07-15', 87, 54, 21, 10, 5, 0.08),
(806, '2024-07-15', 19, 11, 6, 6, 2, 0.06),
(807, '2024-07-11', 75, 91, 9, 10, 4, 0.05),
(808, '2024-07-08', 200, 47, 24, 10, 5, 0.19),
(809, '2024-07-07', 43, 24, 28, 1, 2, 0.15),
(810, '2024-07-11', 65, 96, 23, 12, 1, 0.04),
(811, '2024-07-07', 27, 13, 3, 15, 4, 0.11),
(812, '2024-07-01', 198, 51, 17, 13, 1, 0.02),
(813, '2024-07-10', 40, 11, 21, 15, 4, 0.06),
(814, '2024-07-04', 189, 37, 15, 11, 2, 0.03),
(815, '2024-07-14', 44, 4, 2, 11, 3, 0.17),
(816, '2024-07-06', 122, 60, 28, 9, 3, 0.11),
(817, '2024-07-03', 179, 70, 6, 10, 5, 0.09),
(818, '2024-07-12', 163, 73, 14, 9, 5, 0.06),
(819, '2024-07-06', 124, 70, 8, 13, 1, 0.09),
(820, '2024-07-06', 106, 34, 5, 5, 1, 0.00),
(821, '2024-07-14', 195, 18, 12, 5, 4, 0.11),
(822, '2024-07-12', 126, 97, 16, 5, 1, 0.15),
(823, '2024-07-13', 75, 77, 8, 13, 1, 0.11),
(824, '2024-07-04', 106, 72, 14, 7, 2, 0.03),
(825, '2024-07-12', 166, 50, 27, 7, 2, 0.05),
(826, '2024-07-07', 161, 31, 17, 13, 5, 0.16),
(827, '2024-07-11', 70, 37, 21, 12, 5, 0.16),
(828, '2024-07-07', 49, 9, 6, 3, 3, 0.02),
(829, '2024-07-08', 159, 58, 9, 12, 5, 0.10),
(830, '2024-07-06', 5, 20, 2, 9, 1, 0.04),
(831, '2024-07-02', 73, 35, 5, 12, 4, 0.15),
(832, '2024-07-04', 24, 20, 1, 8, 2, 0.07),
(833, '2024-07-05', 128, 48, 15, 12, 1, 0.07),
(834, '2024-07-14', 193, 19, 2, 5, 4, 0.01),
(835, '2024-07-08', 47, 25, 29, 14, 3, 0.16),
(836, '2024-07-14', 4, 16, 25, 12, 2, 0.08),
(837, '2024-07-08', 64, 95, 2, 4, 4, 0.15),
(838, '2024-07-02', 134, 86, 7, 8, 4, 0.14),
(839, '2024-07-05', 83, 21, 21, 12, 1, 0.15),
(840, '2024-07-09', 134, 16, 9, 8, 3, 0.04),
(841, '2024-07-15', 14, 86, 7, 2, 2, 0.13),
(842, '2024-07-06', 4, 22, 26, 5, 5, 0.02),
(843, '2024-07-13', 63, 2, 2, 10, 4, 0.14),
(844, '2024-07-03', 96, 99, 3, 4, 2, 0.10),
(845, '2024-07-11', 159, 44, 30, 13, 1, 0.01),
(846, '2024-07-11', 40, 90, 18, 13, 1, 0.03),
(847, '2024-07-04', 82, 72, 26, 11, 3, 0.16),
(848, '2024-07-08', 188, 25, 1, 12, 4, 0.07),
(849, '2024-07-03', 65, 6, 16, 12, 4, 0.11),
(850, '2024-07-09', 179, 63, 7, 10, 2, 0.11),
(851, '2024-07-06', 188, 60, 9, 14, 5, 0.18),
(852, '2024-07-09', 42, 9, 17, 3, 4, 0.06),
(853, '2024-07-05', 139, 47, 15, 1, 5, 0.08),
(854, '2024-07-03', 5, 80, 28, 6, 5, 0.05),
(855, '2024-07-12', 17, 85, 18, 14, 4, 0.04),
(856, '2024-07-11', 128, 99, 18, 3, 5, 0.06),
(857, '2024-07-07', 165, 42, 4, 2, 5, 0.13),
(858, '2024-07-01', 34, 23, 28, 1, 2, 0.02),
(859, '2024-07-04', 26, 5, 19, 11, 4, 0.13),
(860, '2024-07-09', 160, 90, 19, 5, 1, 0.07),
(861, '2024-07-10', 184, 10, 1, 15, 2, 0.13),
(862, '2024-07-15', 21, 60, 26, 11, 1, 0.07),
(863, '2024-07-12', 107, 48, 26, 12, 1, 0.16),
(864, '2024-07-05', 136, 6, 24, 2, 3, 0.02),
(865, '2024-07-04', 133, 13, 4, 12, 2, 0.11),
(866, '2024-07-04', 50, 68, 22, 4, 5, 0.13),
(867, '2024-07-03', 143, 96, 18, 7, 1, 0.15),
(868, '2024-07-10', 92, 87, 15, 12, 4, 0.18),
(869, '2024-07-03', 47, 71, 13, 9, 3, 0.13),
(870, '2024-07-09', 154, 57, 30, 6, 3, 0.11),
(871, '2024-07-06', 96, 53, 25, 11, 4, 0.17),
(872, '2024-07-06', 156, 31, 19, 9, 2, 0.08),
(873, '2024-07-09', 191, 33, 12, 8, 4, 0.19),
(874, '2024-07-01', 186, 5, 10, 10, 1, 0.10),
(875, '2024-07-15', 78, 1, 10, 4, 2, 0.17),
(876, '2024-07-01', 198, 89, 27, 5, 5, 0.10),
(877, '2024-07-10', 147, 20, 4, 1, 4, 0.07),
(878, '2024-07-03', 68, 47, 29, 10, 2, 0.05),
(879, '2024-07-13', 77, 12, 19, 7, 5, 0.18),
(880, '2024-07-12', 20, 93, 11, 13, 4, 0.03),
(881, '2024-07-14', 177, 90, 19, 14, 1, 0.12),
(882, '2024-07-05', 10, 94, 26, 10, 4, 0.02),
(883, '2024-07-01', 198, 43, 12, 15, 4, 0.08),
(884, '2024-07-14', 31, 99, 8, 12, 5, 0.19),
(885, '2024-07-11', 200, 81, 13, 1, 3, 0.10),
(886, '2024-07-06', 139, 73, 5, 6, 5, 0.14),
(887, '2024-07-03', 13, 87, 24, 7, 4, 0.15),
(888, '2024-07-10', 130, 12, 8, 7, 3, 0.16),
(889, '2024-07-03', 34, 44, 3, 8, 5, 0.15),
(890, '2024-07-09', 103, 34, 3, 7, 5, 0.09),
(891, '2024-07-12', 34, 98, 5, 8, 5, 0.04),
(892, '2024-07-07', 167, 74, 7, 9, 5, 0.20),
(893, '2024-07-09', 64, 32, 3, 5, 4, 0.06),
(894, '2024-07-15', 148, 12, 4, 11, 4, 0.08),
(895, '2024-07-06', 49, 42, 12, 10, 1, 0.15),
(896, '2024-07-03', 90, 79, 27, 13, 4, 0.12),
(897, '2024-07-08', 12, 30, 7, 11, 3, 0.03),
(898, '2024-07-12', 22, 15, 24, 1, 2, 0.19),
(899, '2024-07-15', 38, 37, 1, 6, 1, 0.06),
(900, '2024-07-08', 6, 43, 7, 12, 5, 0.04),
(901, '2024-07-09', 134, 97, 9, 9, 4, 0.12),
(902, '2024-07-03', 178, 90, 22, 1, 4, 0.12),
(903, '2024-07-11', 135, 6, 9, 3, 1, 0.06),
(904, '2024-07-13', 179, 80, 9, 1, 4, 0.13),
(905, '2024-07-01', 18, 50, 22, 5, 3, 0.17),
(906, '2024-07-01', 75, 84, 13, 4, 4, 0.10),
(907, '2024-07-12', 26, 41, 16, 14, 5, 0.11),
(908, '2024-07-03', 51, 65, 15, 9, 1, 0.01),
(909, '2024-07-15', 136, 40, 11, 8, 4, 0.15),
(910, '2024-07-01', 89, 88, 12, 6, 3, 0.05),
(911, '2024-07-09', 71, 8, 21, 5, 4, 0.18),
(912, '2024-07-14', 8, 72, 9, 4, 2, 0.07),
(913, '2024-07-07', 169, 18, 3, 12, 4, 0.10),
(914, '2024-07-11', 157, 81, 22, 4, 4, 0.05),
(915, '2024-07-03', 110, 40, 30, 10, 3, 0.09),
(916, '2024-07-03', 53, 84, 5, 10, 5, 0.14),
(917, '2024-07-04', 36, 40, 23, 12, 5, 0.18),
(918, '2024-07-07', 198, 19, 21, 15, 5, 0.18),
(919, '2024-07-06', 18, 72, 18, 12, 1, 0.04),
(920, '2024-07-14', 38, 94, 1, 13, 3, 0.18),
(921, '2024-07-07', 106, 39, 15, 12, 3, 0.03),
(922, '2024-07-04', 28, 17, 6, 1, 5, 0.12),
(923, '2024-07-10', 146, 79, 8, 10, 2, 0.05),
(924, '2024-07-01', 92, 11, 23, 13, 4, 0.03),
(925, '2024-07-14', 155, 61, 23, 11, 3, 0.04),
(926, '2024-07-07', 126, 61, 5, 3, 2, 0.05),
(927, '2024-07-07', 196, 2, 30, 5, 4, 0.04),
(928, '2024-07-11', 52, 97, 7, 2, 2, 0.19),
(929, '2024-07-08', 158, 63, 23, 6, 4, 0.18),
(930, '2024-07-07', 104, 100, 2, 10, 4, 0.14),
(931, '2024-07-07', 157, 96, 19, 10, 5, 0.11),
(932, '2024-07-15', 181, 5, 17, 2, 4, 0.09),
(933, '2024-07-15', 11, 32, 17, 9, 4, 0.20),
(934, '2024-07-01', 143, 50, 17, 13, 1, 0.04),
(935, '2024-07-08', 102, 39, 25, 14, 3, 0.09),
(936, '2024-07-07', 76, 79, 30, 1, 5, 0.18),
(937, '2024-07-08', 166, 58, 3, 12, 5, 0.02),
(938, '2024-07-13', 150, 90, 18, 3, 4, 0.08),
(939, '2024-07-08', 7, 23, 15, 10, 2, 0.18),
(940, '2024-07-02', 65, 42, 23, 11, 2, 0.14),
(941, '2024-07-02', 24, 15, 23, 8, 3, 0.02),
(942, '2024-07-12', 99, 94, 26, 9, 5, 0.19),
(943, '2024-07-07', 141, 49, 2, 13, 2, 0.18),
(944, '2024-07-10', 169, 20, 6, 14, 2, 0.04),
(945, '2024-07-12', 14, 54, 10, 5, 4, 0.06),
(946, '2024-07-03', 31, 17, 7, 1, 5, 0.15),
(947, '2024-07-01', 118, 64, 28, 8, 5, 0.16),
(948, '2024-07-10', 127, 31, 7, 10, 4, 0.09),
(949, '2024-07-08', 21, 77, 20, 1, 2, 0.18),
(950, '2024-07-05', 159, 81, 18, 14, 2, 0.01),
(951, '2024-07-03', 15, 84, 12, 1, 2, 0.17),
(952, '2024-07-11', 148, 78, 10, 6, 1, 0.01),
(953, '2024-07-07', 46, 21, 22, 5, 5, 0.13),
(954, '2024-07-12', 153, 74, 26, 9, 2, 0.19),
(955, '2024-07-12', 149, 47, 30, 1, 1, 0.15),
(956, '2024-07-06', 95, 49, 27, 2, 4, 0.17),
(957, '2024-07-02', 75, 61, 5, 2, 3, 0.07),
(958, '2024-07-07', 135, 27, 23, 4, 5, 0.01),
(959, '2024-07-10', 187, 81, 17, 2, 4, 0.14),
(960, '2024-07-10', 181, 37, 14, 10, 3, 0.05),
(961, '2024-07-10', 160, 46, 30, 3, 5, 0.11),
(962, '2024-07-09', 187, 81, 16, 8, 2, 0.18),
(963, '2024-07-04', 182, 38, 7, 1, 1, 0.00),
(964, '2024-07-11', 31, 95, 28, 4, 5, 0.20),
(965, '2024-07-07', 12, 43, 12, 9, 2, 0.00),
(966, '2024-07-04', 177, 37, 9, 13, 1, 0.06),
(967, '2024-07-09', 141, 42, 25, 1, 1, 0.14),
(968, '2024-07-06', 102, 93, 19, 10, 1, 0.17),
(969, '2024-07-04', 85, 44, 30, 11, 4, 0.18),
(970, '2024-07-13', 10, 83, 5, 8, 2, 0.13),
(971, '2024-07-15', 138, 43, 15, 13, 4, 0.19),
(972, '2024-07-01', 134, 39, 19, 12, 3, 0.11),
(973, '2024-07-01', 54, 74, 22, 6, 3, 0.01),
(974, '2024-07-03', 72, 4, 11, 7, 5, 0.17),
(975, '2024-07-10', 156, 50, 6, 10, 1, 0.17),
(976, '2024-07-13', 79, 91, 28, 6, 1, 0.05),
(977, '2024-07-02', 128, 31, 12, 8, 3, 0.04),
(978, '2024-07-05', 45, 15, 12, 13, 1, 0.16),
(979, '2024-07-15', 24, 57, 17, 1, 4, 0.18),
(980, '2024-07-03', 49, 44, 30, 8, 5, 0.06),
(981, '2024-07-06', 37, 99, 28, 2, 5, 0.14),
(982, '2024-07-03', 53, 93, 2, 8, 4, 0.14),
(983, '2024-07-09', 30, 1, 10, 15, 1, 0.14),
(984, '2024-07-10', 23, 43, 15, 15, 1, 0.02),
(985, '2024-07-13', 169, 96, 10, 1, 5, 0.15),
(986, '2024-07-11', 54, 42, 7, 4, 3, 0.06),
(987, '2024-07-06', 198, 57, 22, 2, 3, 0.03),
(988, '2024-07-05', 30, 2, 20, 9, 5, 0.02),
(989, '2024-07-09', 90, 71, 11, 5, 2, 0.19),
(990, '2024-07-13', 73, 74, 8, 3, 1, 0.06),
(991, '2024-07-15', 87, 70, 15, 1, 2, 0.01),
(992, '2024-07-15', 173, 7, 4, 7, 1, 0.02),
(993, '2024-07-07', 46, 91, 20, 15, 5, 0.13),
(994, '2024-07-12', 180, 58, 20, 6, 3, 0.07),
(995, '2024-07-04', 183, 98, 22, 13, 5, 0.02),
(996, '2024-07-15', 194, 98, 15, 10, 2, 0.02),
(997, '2024-07-13', 179, 60, 4, 8, 3, 0.14),
(998, '2024-07-12', 197, 60, 16, 4, 2, 0.03),
(999, '2024-07-15', 158, 34, 30, 6, 4, 0.04),
(1000, '2024-07-15', 171, 43, 26, 14, 3, 0.09);

--
-- Indexes for dumped tables
--

--
-- Indexes for table `clientes`
--
ALTER TABLE `clientes`
  ADD PRIMARY KEY (`id_cliente`);

--
-- Indexes for table `empleados`
--
ALTER TABLE `empleados`
  ADD PRIMARY KEY (`id_empleado`),
  ADD KEY `id_tienda` (`id_tienda`);

--
-- Indexes for table `productos`
--
ALTER TABLE `productos`
  ADD PRIMARY KEY (`id_producto`);

--
-- Indexes for table `tiendas`
--
ALTER TABLE `tiendas`
  ADD PRIMARY KEY (`id_tienda`);

--
-- Indexes for table `ventas`
--
ALTER TABLE `ventas`
  ADD PRIMARY KEY (`id_venta`),
  ADD KEY `id_cliente` (`id_cliente`),
  ADD KEY `id_producto` (`id_producto`),
  ADD KEY `id_empleado` (`id_empleado`),
  ADD KEY `id_tienda` (`id_tienda`);

--
-- AUTO_INCREMENT for dumped tables
--

--
-- AUTO_INCREMENT for table `clientes`
--
ALTER TABLE `clientes`
  MODIFY `id_cliente` int(11) NOT NULL AUTO_INCREMENT, AUTO_INCREMENT=201;

--
-- AUTO_INCREMENT for table `empleados`
--
ALTER TABLE `empleados`
  MODIFY `id_empleado` int(11) NOT NULL AUTO_INCREMENT, AUTO_INCREMENT=31;

--
-- AUTO_INCREMENT for table `productos`
--
ALTER TABLE `productos`
  MODIFY `id_producto` int(11) NOT NULL AUTO_INCREMENT, AUTO_INCREMENT=101;

--
-- AUTO_INCREMENT for table `tiendas`
--
ALTER TABLE `tiendas`
  MODIFY `id_tienda` int(11) NOT NULL AUTO_INCREMENT, AUTO_INCREMENT=16;

--
-- AUTO_INCREMENT for table `ventas`
--
ALTER TABLE `ventas`
  MODIFY `id_venta` int(11) NOT NULL AUTO_INCREMENT, AUTO_INCREMENT=1001;

--
-- Constraints for dumped tables
--

--
-- Constraints for table `empleados`
--
ALTER TABLE `empleados`
  ADD CONSTRAINT `empleados_ibfk_1` FOREIGN KEY (`id_tienda`) REFERENCES `tiendas` (`id_tienda`);

--
-- Constraints for table `ventas`
--
ALTER TABLE `ventas`
  ADD CONSTRAINT `ventas_ibfk_1` FOREIGN KEY (`id_cliente`) REFERENCES `clientes` (`id_cliente`),
  ADD CONSTRAINT `ventas_ibfk_2` FOREIGN KEY (`id_producto`) REFERENCES `productos` (`id_producto`),
  ADD CONSTRAINT `ventas_ibfk_3` FOREIGN KEY (`id_empleado`) REFERENCES `empleados` (`id_empleado`),
  ADD CONSTRAINT `ventas_ibfk_4` FOREIGN KEY (`id_tienda`) REFERENCES `tiendas` (`id_tienda`);
COMMIT;

/*!40101 SET CHARACTER_SET_CLIENT=@OLD_CHARACTER_SET_CLIENT */;
/*!40101 SET CHARACTER_SET_RESULTS=@OLD_CHARACTER_SET_RESULTS */;
/*!40101 SET COLLATION_CONNECTION=@OLD_COLLATION_CONNECTION */;
