-- phpMyAdmin SQL Dump
-- version 5.2.1
-- https://www.phpmyadmin.net/
--
-- Servidor: 127.0.0.1
-- Tiempo de generación: 04-11-2025 a las 17:16:57
-- Versión del servidor: 10.4.32-MariaDB
-- Versión de PHP: 8.2.12

SET SQL_MODE = "NO_AUTO_VALUE_ON_ZERO";
START TRANSACTION;
SET time_zone = "+00:00";


/*!40101 SET @OLD_CHARACTER_SET_CLIENT=@@CHARACTER_SET_CLIENT */;
/*!40101 SET @OLD_CHARACTER_SET_RESULTS=@@CHARACTER_SET_RESULTS */;
/*!40101 SET @OLD_COLLATION_CONNECTION=@@COLLATION_CONNECTION */;
/*!40101 SET NAMES utf8mb4 */;

--
-- Base de datos: `megastore_dw_v2`
--

-- --------------------------------------------------------

--
-- Estructura de tabla para la tabla `dim_cliente`
--

CREATE TABLE `dim_cliente` (
  `id_cliente` bigint(20) DEFAULT NULL,
  `nombre` text DEFAULT NULL,
  `correo` text DEFAULT NULL,
  `genero` text DEFAULT NULL,
  `edad` int(11) DEFAULT NULL
) ENGINE=InnoDB DEFAULT CHARSET=utf8mb4 COLLATE=utf8mb4_general_ci;

--
-- Volcado de datos para la tabla `dim_cliente`
--

INSERT INTO `dim_cliente` (`id_cliente`, `nombre`, `correo`, `genero`, `edad`) VALUES
(1, 'Ing. Jacinto Cruz', 'mgastelum@gmail.com', 'Femenino', 23),
(2, 'Linda Pulido Bétancourt', 'zvilla@ybarra.com', 'Masculino', 25),
(3, 'Dr. Teodoro Ochoa', 'iozuna@yahoo.com', 'Femenino', 37),
(4, 'José Emilio Bahena Osorio', 'arteagahelena@despacho.net', 'Masculino', 55),
(5, 'Adriana Mariano Narváez', 'hguardado@munoz-carmona.net', 'Masculino', 55),
(6, 'Karla Juárez Abrego', 'bahenamauro@mata-venegas.com', 'Femenino', 58),
(7, 'Sr(a). Daniela Arredondo', 'valverdegabino@santacruz.com', 'Femenino', 48),
(8, 'Sr(a). Bruno Archuleta', 'daliaalba@grupo.com', 'Masculino', 52),
(9, 'Mtro. Martín Roque', 'maestasberta@hotmail.com', 'Femenino', 30),
(10, 'Victoria Gaona Segovia', 'olga82@badillo.net', 'Femenino', 33),
(11, 'Sr(a). Luis Miguel Guillen', 'qmatos@rodriquez.com', 'Masculino', 48),
(12, 'María Teresa Fernando Coronado Aguilar', 'julialira@gmail.com', 'Femenino', 50),
(13, 'Camilo Bermúdez Villegas', 'mariano62@hotmail.com', 'Masculino', 34),
(14, 'Mtro. Araceli Herrera', 'galvarez@gmail.com', 'Masculino', 59),
(15, 'Reynaldo Violeta Navarro', 'fcollado@zamora.org', 'Femenino', 29),
(16, 'Raquel Catalina Alonso', 'vrivero@ayala.biz', 'Masculino', 36),
(17, 'Lourdes Rosa Ramón', 'xmenchaca@rivero-montenegro.com', 'Masculino', 48),
(18, 'Elvira Germán Bahena Salas', 'bgomez@gmail.com', 'Masculino', 31),
(19, 'Eric Lucas Zambrano Otero', 'agustinbenavides@amaya.com', 'Femenino', 40),
(20, 'Adalberto Montez', 'josesantacruz@palomino.com', 'Femenino', 20),
(21, 'Alberto Parra Leal', 'quezadamaria-luisa@hotmail.com', 'Masculino', 25),
(22, 'Serafín Rael', 'eochoa@laboy-aparicio.com', 'Femenino', 58),
(23, 'Mtro. Ángel Matos', 'margarita14@grupo.com', 'Masculino', 60),
(24, 'Cristian de la Crúz', 'ogaitan@hotmail.com', 'Femenino', 53),
(25, 'Lorena Caballero Abreu', 'jose-maria29@industrias.com', 'Femenino', 36),
(26, 'Mtro. Araceli Villaseñor', 'hledesma@gmail.com', 'Femenino', 34),
(27, 'Tania Ceballos Escobar', 'cepedaraul@gracia-cordero.org', 'Masculino', 21),
(28, 'Abril Carranza', 'sferrer@gmail.com', 'Masculino', 51),
(29, 'Helena María Luisa Montaño Manzanares', 'jorge-luis00@narvaez.info', 'Femenino', 47),
(30, 'Estefanía Manzanares', 'rsaucedo@hotmail.com', 'Femenino', 23),
(31, 'Marcela Fidel Castillo Cazares', 'warroyo@florez-baeza.com', 'Masculino', 51),
(32, 'Omar María José Longoria', 'citlali59@industrias.info', 'Masculino', 22),
(33, 'Luis Marrero Jiménez', 'rosariovanesa@yahoo.com', 'Femenino', 47),
(34, 'Sr(a). José Eduardo Zelaya', 'lilianaballesteros@aragon-segovia.com', 'Masculino', 54),
(35, 'Mtro. Cristian Lerma', 'isaac10@yahoo.com', 'Femenino', 39),
(36, 'Yeni Renato Lira', 'jescobar@despacho.com', 'Masculino', 32),
(37, 'Sara Daniel Rosas', 'nayeli58@yahoo.com', 'Femenino', 51),
(38, 'Dr. Dulce de la Fuente', 'rodolfo21@yahoo.com', 'Femenino', 34),
(39, 'Vicente Rolón Paz', 'umoya@yahoo.com', 'Masculino', 45),
(40, 'Silvia Contreras', 'bberrios@yahoo.com', 'Masculino', 26),
(41, 'Dr. Vicente Nazario', 'jojeda@laboratorios.com', 'Masculino', 61),
(42, 'Delia Julio César Maya', 'renteriasamuel@gmail.com', 'Masculino', 60),
(43, 'Alfonso Jacinto Beltrán Montez', 'omarroquin@hotmail.com', 'Masculino', 33),
(44, 'José Emilio Vargas Corrales', 'quirozhomero@gmail.com', 'Femenino', 54),
(45, 'Lic. Cristal Durán', 'maria-teresa41@despacho.com', 'Masculino', 49),
(46, 'Rosalia Fajardo', 'salinasindira@yahoo.com', 'Femenino', 28),
(47, 'Débora Villegas Esquivel', 'zlara@calvillo.com', 'Masculino', 31),
(48, 'Ivonne Vera Zavala', 'tpabon@corporacin.com', 'Masculino', 21),
(49, 'Gabriela Becerra', 'alfredo09@proyectos.com', 'Femenino', 31),
(50, 'Marisol Dávila', 'nicolasalfaro@gmail.com', 'Femenino', 58),
(51, 'Rebeca Padilla Carvajal', 'tellobruno@corral-ulibarri.com', 'Masculino', 34),
(52, 'Pedro Ramón Lemus', 'cazaresruby@hotmail.com', 'Femenino', 46),
(53, 'Homero Noelia Mascareñas', 'delia60@gmail.com', 'Masculino', 25),
(54, 'Minerva Cristina Carrillo Nava', 'amadormiguel-angel@aguilar.com', 'Masculino', 32),
(55, 'Óscar Mireles', 'silviaprado@proyectos.info', 'Masculino', 51),
(56, 'Leticia Candelaria Zepeda', 'rocio64@sierra-valdes.net', 'Femenino', 35),
(57, 'Sr(a). Sara Coronado', 'oliver79@hotmail.com', 'Femenino', 27),
(58, 'Fernando Iglesias Corral', 'eduardo44@yahoo.com', 'Masculino', 42),
(59, 'Sr(a). Adela Preciado', 'veraitzel@hotmail.com', 'Masculino', 38),
(60, 'Porfirio Hugo Venegas Ceja', 'mariorobledo@gmail.com', 'Masculino', 36),
(61, 'Hilda Emilia Camacho', 'fidel55@industrias.com', 'Masculino', 22),
(62, 'Óscar Alejandro Montero', 'ayalaleonardo@despacho.biz', 'Femenino', 48),
(63, 'Lic. Aida Borrego', 'francisca99@hotmail.com', 'Masculino', 63),
(64, 'Ing. Estefanía Solorio', 'genarosaldana@balderas-vanegas.com', 'Masculino', 43),
(65, 'Dr. Pablo Negrón', 'cvillalobos@yahoo.com', 'Femenino', 33),
(66, 'Santiago Olivo Sanches', 'arteagaevelio@carrasco.org', 'Femenino', 26),
(67, 'Mtro. Rafaél Bañuelos', 'juan-carloslimon@hotmail.com', 'Masculino', 40),
(68, 'Elias Cazares Valladares', 'bacajos@serrano-soria.com', 'Femenino', 21),
(69, 'Rosario Nayeli Lozada Granado', 'amaliacarrillo@gmail.com', 'Masculino', 57),
(70, 'Ángela Peres Cruz', 'arteagaricardo@gmail.com', 'Masculino', 64),
(71, 'Marisol Victoria Narváez Hernández', 'jose-carloscontreras@gmail.com', 'Femenino', 39),
(72, 'Adela Saiz', 'agustin27@yahoo.com', 'Masculino', 54),
(73, 'Federico Violeta Ulibarri', 'snieves@industrias.org', 'Femenino', 54),
(74, 'Luis Miguel Isabela Madera Lomeli', 'marcosolivarez@carrion.com', 'Masculino', 47),
(75, 'Mariano Mejía Tapia', 'eloysoliz@gmail.com', 'Masculino', 51),
(76, 'María Luisa Montoya Galarza', 'debora49@gurule.com', 'Femenino', 62),
(77, 'Francisco Javier Gilberto Castillo', 'castrograciela@cano.com', 'Femenino', 47),
(78, 'Eugenia Darío Mares', 'jesus23@bueno-botello.com', 'Femenino', 41),
(79, 'José Carlos Barrera Zedillo', 'rocio91@collazo.com', 'Masculino', 40),
(80, 'Ing. Ana María Tello', 'cocampo@hotmail.com', 'Masculino', 65),
(81, 'Pamela Noriega', 'nnoriega@bustos-fuentes.com', 'Masculino', 22),
(82, 'Yuridia María Valdivia', 'apontemodesto@yahoo.com', 'Masculino', 39),
(83, 'Lic. Cornelio Esquibel', 'brionesgerman@rascon.com', 'Femenino', 28),
(84, 'Felix Teodoro Delgado', 'cantuantonia@hotmail.com', 'Femenino', 44),
(85, 'Frida Helena de León Barreto', 'patricia87@gmail.com', 'Femenino', 36),
(86, 'Lourdes Ponce', 'miriamgonzalez@gmail.com', 'Masculino', 39),
(87, 'Lic. Manuel Linares', 'navarretesandra@proyectos.net', 'Femenino', 37),
(88, 'Zoé Ángela Baeza Casas', 'montemayorbernardo@gallegos-del.com', 'Femenino', 59),
(89, 'Dr. Esther Menchaca', 'fvillanueva@hotmail.com', 'Femenino', 54),
(90, 'Wendolin Guerrero', 'eliasbustos@gmail.com', 'Femenino', 41),
(91, 'Adriana Tomás Casárez', 'ruby24@gonzales-arteaga.net', 'Masculino', 60),
(92, 'Eric Salma Blanco', 'herrerazacarias@valdez-aranda.com', 'Masculino', 49),
(93, 'Wilfrido Duarte', 'ifernandez@gmail.com', 'Femenino', 43),
(94, 'Rodrigo Juárez', 'salvador87@hotmail.com', 'Masculino', 29),
(95, 'Eduardo Conchita Cabrera', 'joaquincorrales@gmail.com', 'Femenino', 59),
(96, 'Gabriel Toledo', 'agustinserrato@grupo.net', 'Masculino', 61),
(97, 'Rebeca Miriam Collazo', 'yuridiaolivo@acevedo.com', 'Masculino', 61),
(98, 'Mtro. Ana Luisa Sotelo', 'cvillasenor@tafoya.com', 'Femenino', 59),
(99, 'Anel Ordóñez Garza', 'bernalfrancisco-javier@grupo.com', 'Femenino', 34),
(100, 'Diego Ceballos', 'maria-jose12@yahoo.com', 'Femenino', 49),
(101, 'Helena Esparta Melgar Garay', 'daniel30@gmail.com', 'Femenino', 63),
(102, 'Gabino Estefanía Ocasio', 'rasconmarcela@hotmail.com', 'Masculino', 23),
(103, 'Ángel Santana', 'pjiminez@magana.com', 'Femenino', 63),
(104, 'Diego de la Rosa', 'alfonsoportillo@hotmail.com', 'Masculino', 65),
(105, 'Gabino Cornejo', 'rodolfoacevedo@valle-herrera.com', 'Femenino', 62),
(106, 'Karina Rodríquez', 'kquezada@yahoo.com', 'Masculino', 38),
(107, 'Mtro. Victoria Almonte', 'ciglesias@hotmail.com', 'Femenino', 47),
(108, 'Violeta Anel Olivárez Rojas', 'antoniaquintanilla@gmail.com', 'Masculino', 25),
(109, 'Genaro Modesto Barela', 'arteagamarcela@despacho.biz', 'Masculino', 34),
(110, 'Jacobo Apodaca', 'cbaez@yahoo.com', 'Femenino', 40),
(111, 'Salma Samuel Calvillo Jurado', 'antoniogonzalez@gmail.com', 'Femenino', 60),
(112, 'Leticia Berta Palomino Ocasio', 'catalinaquezada@yahoo.com', 'Masculino', 28),
(113, 'Dr. Alvaro Hernández', 'marco-antonio65@mateo-toro.com', 'Femenino', 21),
(114, 'Leonardo Pilar Muro', 'fquezada@pantoja-leyva.com', 'Femenino', 59),
(115, 'Reynaldo Magaña Aguilar', 'villagomezcristal@proyectos.org', 'Masculino', 27),
(116, 'Mario Lourdes Domínguez', 'aperalta@rios.org', 'Femenino', 40),
(117, 'Rosalia Ramiro Valentín', 'luciaulloa@yahoo.com', 'Femenino', 49),
(118, 'Sr(a). Leonel Valadez', 'ernesto64@gmail.com', 'Femenino', 58),
(119, 'Juana Olivo', 'lermamaria-eugenia@grupo.biz', 'Femenino', 38),
(120, 'Lorenzo Ybarra Aguirre', 'rcorona@despacho.com', 'Femenino', 47),
(121, 'Camilo Soledad Santiago', 'adela44@club.com', 'Femenino', 21),
(122, 'Beatriz Mateo Riojas', 'dulce-maria06@gmail.com', 'Masculino', 27),
(123, 'Tomás Alejandro Fuentes', 'cejaleonel@juarez-dominguez.info', 'Masculino', 56),
(124, 'Santiago Ponce Rodrígez', 'romerohumberto@gmail.com', 'Femenino', 34),
(125, 'Lic. Daniela Cazares', 'francisco-javier00@marrero.com', 'Femenino', 29),
(126, 'Pablo Villanueva Tórrez', 'jbaeza@roque-porras.com', 'Masculino', 28),
(127, 'Zoé Montalvo', 'olveraemilia@hotmail.com', 'Femenino', 50),
(128, 'Adriana Antonio Baca Ojeda', 'cristobal50@yahoo.com', 'Femenino', 33),
(129, 'Carmen Vallejo', 'felix56@florez.net', 'Masculino', 47),
(130, 'Celia César Ledesma Ocasio', 'rolando06@hotmail.com', 'Femenino', 53),
(131, 'María Elena Carranza', 'almanzafrancisca@gmail.com', 'Femenino', 53),
(132, 'Paola Rafaél Gurule Llamas', 'rodolfogonzales@proyectos.com', 'Masculino', 37),
(133, 'Abelardo Montenegro', 'kroque@club.info', 'Femenino', 52),
(134, 'Judith Vallejo', 'ramiro88@hotmail.com', 'Femenino', 58),
(135, 'Amanda Yuridia Tamez Quintana', 'ghenriquez@yahoo.com', 'Femenino', 59),
(136, 'Jonás Ramón', 'gomezhilda@posada.com', 'Femenino', 24),
(137, 'Manuel Elena Sosa Olvera', 'german91@yahoo.com', 'Femenino', 60),
(138, 'Lic. Berta Pabón', 'tvanegas@velasco.org', 'Masculino', 63),
(139, 'Dr. Luis Manuel Muro', 'sgutierrez@despacho.com', 'Femenino', 46),
(140, 'Mtro. Zoé Meraz', 'gabrielrodrigez@juarez.com', 'Masculino', 65),
(141, 'Martha Regalado Vela', 'wcandelaria@laboratorios.com', 'Masculino', 21),
(142, 'Mtro. Soledad Benavides', 'alcalacristian@proyectos.com', 'Femenino', 27),
(143, 'Víctor Cristal Domínguez', 'jonas56@industrias.com', 'Femenino', 48),
(144, 'Carmen Jaime Ortiz', 'jaramillovirginia@laboratorios.com', 'Masculino', 65),
(145, 'Evelio Verónica Méndez', 'preciadonadia@zuniga-baeza.com', 'Masculino', 65),
(146, 'Daniela Raúl Barreto', 'marinreina@gmail.com', 'Femenino', 64),
(147, 'Javier Farías', 'joaquinrosado@villagomez-adame.net', 'Masculino', 50),
(148, 'Dr. Jesús Venegas', 'ursularosas@baca.org', 'Masculino', 50),
(149, 'Carlos René Quintero Vela', 'victoria38@irizarry-benavides.com', 'Masculino', 55),
(150, 'Natalia Benítez', 'hgarcia@barrientos-viera.biz', 'Masculino', 53),
(151, 'Ana Elena Abreu', 'reina43@laboratorios.net', 'Masculino', 34),
(152, 'Sergio Eduardo Caraballo Villanueva', 'diegoguzman@ortega-mascarenas.com', 'Masculino', 49),
(153, 'Omar Gurule', 'alma31@hotmail.com', 'Femenino', 60),
(154, 'Alicia Rebeca Cardenas', 'fidelsevilla@despacho.com', 'Masculino', 38),
(155, 'Sr(a). Marisol Rivas', 'jcrespo@proyectos.net', 'Femenino', 38),
(156, 'Isabel Puente', 'gmadrid@gmail.com', 'Femenino', 39),
(157, 'Rafaél Tapia', 'lorena22@industrias.com', 'Masculino', 19),
(158, 'Lic. José Manuél Márquez', 'angel83@gmail.com', 'Femenino', 64),
(159, 'Yolanda Elisa Carranza', 'sonia17@gmail.com', 'Femenino', 42),
(160, 'Sr(a). Rosalia Fuentes', 'almonteruby@gmail.com', 'Femenino', 63),
(161, 'Olivia Olga Ochoa', 'ealvarado@gmail.com', 'Masculino', 43),
(162, 'Victoria Díaz', 'villasonia@gmail.com', 'Masculino', 41),
(163, 'Marcela Bonilla Limón', 'angelica54@romo.com', 'Masculino', 38),
(164, 'Gregorio Mercado Ávila', 'ivan34@gmail.com', 'Masculino', 36),
(165, 'Adela David Hernández Carrillo', 'julia33@yahoo.com', 'Femenino', 22),
(166, 'María Teresa Valladares Cavazos', 'cuellarruben@yahoo.com', 'Masculino', 30),
(167, 'Sr(a). Leonardo Gamboa', 'baezirene@proyectos.org', 'Masculino', 41),
(168, 'Renato Archuleta Tejada', 'wserna@hotmail.com', 'Femenino', 19),
(169, 'Ing. Lucas Cintrón', 'waguilera@hotmail.com', 'Masculino', 32),
(170, 'Lic. Ramón Adame', 'lauraleal@yahoo.com', 'Masculino', 36),
(171, 'Lic. Susana Magaña', 'reneocasio@amaya-alcala.com', 'Masculino', 41),
(172, 'Dr. Virginia Hernádez', 'nataliagarcia@gmail.com', 'Femenino', 43),
(173, 'Luis Porfirio Carrión', 'nicolasde-la-garza@mercado.com', 'Masculino', 45),
(174, 'Ángel Mónica Pineda', 'lalmonte@hotmail.com', 'Femenino', 36),
(175, 'Sr(a). María Elena Peña', 'rosariode-jesus@hotmail.com', 'Femenino', 49),
(176, 'Inés Estévez', 'mendezgeronimo@yahoo.com', 'Femenino', 38),
(177, 'Clemente Adán Sotelo', 'jballesteros@yahoo.com', 'Femenino', 39),
(178, 'Dr. Itzel Méndez', 'jacobodelgado@quintana-alarcon.com', 'Femenino', 21),
(179, 'Estela Gaytán Barrios', 'jsaavedra@yahoo.com', 'Masculino', 60),
(180, 'Lic. Silvano Valadez', 'rodolfocardona@osorio-morales.com', 'Femenino', 42),
(181, 'Sofía Apodaca', 'mayterivero@yahoo.com', 'Femenino', 66),
(182, 'Agustín Alvaro Zelaya', 'franciscomelgar@regalado-paz.com', 'Femenino', 28),
(183, 'Rosalia Morales Ceballos', 'wendolin64@club.com', 'Masculino', 62),
(184, 'Elena Casillas Canales', 'benavidezignacio@yahoo.com', 'Femenino', 24),
(185, 'Eduardo Elisa Valle', 'asuncionacevedo@yahoo.com', 'Femenino', 63),
(186, 'Adán Gutiérrez', 'patriciacalderon@anguiano.info', 'Masculino', 19),
(187, 'María Cristina Cordero', 'mayalucas@gmail.com', 'Femenino', 28),
(188, 'Amador Francisca Hernandes Arteaga', 'reinavaladez@cotto.com', 'Femenino', 42),
(189, 'Lic. Anabel Burgos', 'yuridia53@beltran-feliciano.com', 'Masculino', 49),
(190, 'Alma Ocampo Quezada', 'mmatias@hotmail.com', 'Femenino', 21),
(191, 'Conchita José María Mena Rael', 'ortarosalia@gmail.com', 'Masculino', 40),
(192, 'Socorro Alfonso Tovar', 'perla04@valles.org', 'Femenino', 55),
(193, 'Esparta Wilfrido Dávila', 'luciapaez@gmail.com', 'Femenino', 31),
(194, 'Reynaldo Ojeda', 'zaragozavirginia@maestas-saiz.net', 'Femenino', 40),
(195, 'Dr. Dulce María Montemayor', 'concepcionzuniga@baca-haro.com', 'Masculino', 40),
(196, 'Angélica Santana', 'jrascon@armendariz.com', 'Masculino', 34),
(197, 'Rosario Abraham Carbajal', 'ana-mariarios@grupo.info', 'Masculino', 59),
(198, 'Rubén Pelayo', 'luis-manuel96@proyectos.com', 'Masculino', 38),
(199, 'Eva Bustamante Santillán', 'angelvalentin@guevara-chapa.com', 'Femenino', 20),
(200, 'Dulce María Martín Segura Mercado', 'martin32@corporacin.com', 'Masculino', 52);

-- --------------------------------------------------------

--
-- Estructura de tabla para la tabla `dim_empleado`
--

CREATE TABLE `dim_empleado` (
  `id_empleado` bigint(20) DEFAULT NULL,
  `nombre` text DEFAULT NULL,
  `puesto` text DEFAULT NULL,
  `id_tienda` bigint(20) DEFAULT NULL
) ENGINE=InnoDB DEFAULT CHARSET=utf8mb4 COLLATE=utf8mb4_general_ci;

--
-- Volcado de datos para la tabla `dim_empleado`
--

INSERT INTO `dim_empleado` (`id_empleado`, `nombre`, `puesto`, `id_tienda`) VALUES
(1, 'Esperanza Hurtado Curiel', 'Supervisor', 4),
(2, 'Mauricio María Luisa Alva', 'Cajero', 7),
(3, 'Sr(a). Rosa Mata', 'Vendedor', 6),
(4, 'Teodoro Morales Suárez', 'Supervisor', 8),
(5, 'Guadalupe Alfredo Avilés', 'Vendedor', 1),
(6, 'Dulce Dulce Morales Orta', 'Cajero', 14),
(7, 'José Dulce María Muñoz Lozada', 'Vendedor', 7),
(8, 'María Daniela Tejeda', 'Supervisor', 12),
(9, 'Vicente Luevano Navarrete', 'Cajero', 14),
(10, 'Leticia Barrera', 'Supervisor', 7),
(11, 'Clemente Jurado', 'Vendedor', 1),
(12, 'Carlota Bermúdez Lozano', 'Vendedor', 5),
(13, 'Camila Sotelo', 'Vendedor', 14),
(14, 'Lic. Gloria Montero', 'Vendedor', 9),
(15, 'Josefina Cortés', 'Supervisor', 12),
(16, 'Zeferino Aranda', 'Supervisor', 13),
(17, 'Julio Omar Sánchez', 'Supervisor', 15),
(18, 'José María Carmona', 'Cajero', 8),
(19, 'Lic. Marcela Saiz', 'Cajero', 5),
(20, 'Alta  Gracia Montañez', 'Vendedor', 8),
(21, 'Gabino Isaac Flórez Girón', 'Cajero', 7),
(22, 'Francisco Javier Puga Matías', 'Vendedor', 11),
(23, 'Daniela Macías', 'Supervisor', 13),
(24, 'Sofía Mauricio Esquivel Pulido', 'Vendedor', 12),
(25, 'Yolanda Andrea Alvarado', 'Cajero', 14),
(26, 'Ing. Renato Peralta', 'Vendedor', 15),
(27, 'Amanda Vanesa Quiñónez Segura', 'Cajero', 10),
(28, 'Felipe Amelia Reyna', 'Supervisor', 1),
(29, 'Silvia Rangel', 'Vendedor', 10),
(30, 'Juan Núñez Mireles', 'Supervisor', 11);

-- --------------------------------------------------------

--
-- Estructura de tabla para la tabla `dim_producto`
--

CREATE TABLE `dim_producto` (
  `id_producto` bigint(20) DEFAULT NULL,
  `nombre` text DEFAULT NULL,
  `categoria` text DEFAULT NULL,
  `precio` double DEFAULT NULL
) ENGINE=InnoDB DEFAULT CHARSET=utf8mb4 COLLATE=utf8mb4_general_ci;

--
-- Volcado de datos para la tabla `dim_producto`
--

INSERT INTO `dim_producto` (`id_producto`, `nombre`, `categoria`, `precio`) VALUES
(1, 'Voluptatum', 'Electrónica', 86.27),
(2, 'Inventore', 'Ropa', 373.66),
(3, 'Similique', 'Electrónica', 1031.21),
(4, 'Voluptatem', 'Electrónica', 906.21),
(5, 'Facilis', 'Electrónica', 185.86),
(6, 'Dolore', 'Electrónica', 863.81),
(7, 'Autem', 'Deportes', 369.64),
(8, 'Temporibus', 'Hogar', 1223.67),
(9, 'Labore', 'Ropa', 1062.3),
(10, 'Aperiam', 'Hogar', 275.45),
(11, 'Est', 'Hogar', 198.2),
(12, 'Facere', 'Electrónica', 570.52),
(13, 'Soluta', 'Hogar', 1220.34),
(14, 'Doloribus', 'Deportes', 827.53),
(15, 'Qui', 'Electrónica', 850.46),
(16, 'Officiis', 'Hogar', 887.16),
(17, 'Nesciunt', 'Electrónica', 116.45),
(18, 'Ipsum', 'Hogar', 1478.57),
(19, 'Saepe', 'Ropa', 1306.4),
(20, 'Debitis', 'Hogar', 707.44),
(21, 'Vero', 'Hogar', 285.85),
(22, 'Sunt', 'Ropa', 1021.75),
(23, 'Nulla', 'Electrónica', 933.24),
(24, 'Minus', 'Ropa', 286.93),
(25, 'Itaque', 'Hogar', 1484.81),
(26, 'Repudiandae', 'Ropa', 1042.69),
(27, 'Voluptates', 'Electrónica', 382.12),
(28, 'Reiciendis', 'Hogar', 631.69),
(29, 'Quo', 'Ropa', 1374.05),
(30, 'Numquam', 'Hogar', 358.31),
(31, 'Exercitationem', 'Deportes', 1332.79),
(32, 'Aspernatur', 'Deportes', 257.16),
(33, 'Aspernatur', 'Ropa', 1130.23),
(34, 'Esse', 'Hogar', 1133.17),
(35, 'Voluptatum', 'Deportes', 574.89),
(36, 'Blanditiis', 'Deportes', 181.82),
(37, 'Accusamus', 'Electrónica', 271.62),
(38, 'Eaque', 'Deportes', 914.79),
(39, 'Voluptatem', 'Deportes', 914.04),
(40, 'Tempore', 'Hogar', 1458.06),
(41, 'Neque', 'Electrónica', 1036.41),
(42, 'Nesciunt', 'Hogar', 1164.47),
(43, 'Animi', 'Electrónica', 475.58),
(44, 'Optio', 'Deportes', 54.71),
(45, 'Pariatur', 'Hogar', 1459.24),
(46, 'In', 'Ropa', 786.14),
(47, 'Possimus', 'Hogar', 1270.42),
(48, 'Repellendus', 'Ropa', 271.62),
(49, 'Temporibus', 'Ropa', 832.1),
(50, 'Explicabo', 'Electrónica', 918.47),
(51, 'Natus', 'Electrónica', 212.21),
(52, 'Quasi', 'Hogar', 397.21),
(53, 'Quia', 'Electrónica', 174.2),
(54, 'Nam', 'Electrónica', 1468.08),
(55, 'Exercitationem', 'Ropa', 236.17),
(56, 'Ut', 'Ropa', 434.33),
(57, 'Natus', 'Deportes', 1448.33),
(58, 'Recusandae', 'Ropa', 1083.78),
(59, 'Accusamus', 'Hogar', 685.25),
(60, 'Accusantium', 'Deportes', 225.46),
(61, 'A', 'Electrónica', 540.22),
(62, 'Unde', 'Ropa', 903.24),
(63, 'Ipsa', 'Electrónica', 1076.37),
(64, 'Molestiae', 'Ropa', 147.73),
(65, 'Odio', 'Hogar', 152.74),
(66, 'Eaque', 'Hogar', 1020.02),
(67, 'Omnis', 'Ropa', 1098.86),
(68, 'Porro', 'Deportes', 402.35),
(69, 'Animi', 'Deportes', 326.09),
(70, 'Eaque', 'Deportes', 563.73),
(71, 'Velit', 'Deportes', 1302.56),
(72, 'Eius', 'Electrónica', 137.89),
(73, 'Officia', 'Hogar', 1210.86),
(74, 'Minima', 'Ropa', 327.81),
(75, 'Dignissimos', 'Deportes', 253.26),
(76, 'Quae', 'Hogar', 720.81),
(77, 'Eius', 'Electrónica', 692.54),
(78, 'Alias', 'Electrónica', 123.35),
(79, 'Minima', 'Electrónica', 1455.04),
(80, 'Facere', 'Ropa', 291.15),
(81, 'Velit', 'Deportes', 359.93),
(82, 'Sit', 'Electrónica', 288.72),
(83, 'Fugit', 'Deportes', 434.54),
(84, 'Id', 'Deportes', 463.61),
(85, 'Vel', 'Deportes', 274.46),
(86, 'Soluta', 'Ropa', 1454.63),
(87, 'Qui', 'Electrónica', 1134.56),
(88, 'Ratione', 'Electrónica', 897.06),
(89, 'Veniam', 'Ropa', 132.48),
(90, 'Consequuntur', 'Electrónica', 1284.45),
(91, 'Fugit', 'Electrónica', 1029.06),
(92, 'Nobis', 'Deportes', 223.84),
(93, 'Unde', 'Ropa', 889.43),
(94, 'Doloribus', 'Electrónica', 657.88),
(95, 'Rerum', 'Hogar', 1405.32),
(96, 'Soluta', 'Hogar', 396.09),
(97, 'Laudantium', 'Ropa', 1023.95),
(98, 'Accusantium', 'Deportes', 508.46),
(99, 'Animi', 'Electrónica', 63.51),
(100, 'Ipsam', 'Electrónica', 156.23);

-- --------------------------------------------------------

--
-- Estructura de tabla para la tabla `dim_tiempo`
--

CREATE TABLE `dim_tiempo` (
  `id_tiempo` bigint(20) DEFAULT NULL,
  `fecha` datetime DEFAULT NULL,
  `dia` int(11) DEFAULT NULL,
  `mes` int(11) DEFAULT NULL,
  `trimestre` int(11) DEFAULT NULL,
  `año` int(11) DEFAULT NULL,
  `nombre_mes` text DEFAULT NULL,
  `temporada` text DEFAULT NULL
) ENGINE=InnoDB DEFAULT CHARSET=utf8mb4 COLLATE=utf8mb4_general_ci;

--
-- Volcado de datos para la tabla `dim_tiempo`
--

INSERT INTO `dim_tiempo` (`id_tiempo`, `fecha`, `dia`, `mes`, `trimestre`, `año`, `nombre_mes`, `temporada`) VALUES
(1, '2024-07-01 00:00:00', 1, 7, 3, 2024, 'July', 'Verano'),
(2, '2024-07-05 00:00:00', 5, 7, 3, 2024, 'July', 'Verano'),
(3, '2024-07-15 00:00:00', 15, 7, 3, 2024, 'July', 'Verano'),
(4, '2024-07-02 00:00:00', 2, 7, 3, 2024, 'July', 'Verano'),
(5, '2024-07-06 00:00:00', 6, 7, 3, 2024, 'July', 'Verano'),
(6, '2024-07-04 00:00:00', 4, 7, 3, 2024, 'July', 'Verano'),
(7, '2024-07-11 00:00:00', 11, 7, 3, 2024, 'July', 'Verano'),
(8, '2024-07-03 00:00:00', 3, 7, 3, 2024, 'July', 'Verano'),
(9, '2024-07-14 00:00:00', 14, 7, 3, 2024, 'July', 'Verano'),
(10, '2024-07-10 00:00:00', 10, 7, 3, 2024, 'July', 'Verano'),
(11, '2024-07-07 00:00:00', 7, 7, 3, 2024, 'July', 'Verano'),
(12, '2024-07-08 00:00:00', 8, 7, 3, 2024, 'July', 'Verano'),
(13, '2024-07-12 00:00:00', 12, 7, 3, 2024, 'July', 'Verano'),
(14, '2024-07-09 00:00:00', 9, 7, 3, 2024, 'July', 'Verano'),
(15, '2024-07-13 00:00:00', 13, 7, 3, 2024, 'July', 'Verano');

-- --------------------------------------------------------

--
-- Estructura de tabla para la tabla `dim_tienda`
--

CREATE TABLE `dim_tienda` (
  `id_tienda` bigint(20) DEFAULT NULL,
  `nombre` text DEFAULT NULL,
  `ciudad` text DEFAULT NULL,
  `region` text DEFAULT NULL
) ENGINE=InnoDB DEFAULT CHARSET=utf8mb4 COLLATE=utf8mb4_general_ci;

--
-- Volcado de datos para la tabla `dim_tienda`
--

INSERT INTO `dim_tienda` (`id_tienda`, `nombre`, `ciudad`, `region`) VALUES
(1, 'Tienda 1', 'San Guadalupe los bajos', 'San Luis Potosí'),
(2, 'Tienda 2', 'San Alicia de la Montaña', 'Tlaxcala'),
(3, 'Tienda 3', 'San Tomás de la Montaña', 'Puebla'),
(4, 'Tienda 4', 'Vieja República de Moldova', 'Sinaloa'),
(5, 'Tienda 5', 'San Juana los altos', 'Quintana Roo'),
(6, 'Tienda 6', 'San Leonardo de la Montaña', 'Baja California'),
(7, 'Tienda 7', 'Nueva Australia', 'Baja California Sur'),
(8, 'Tienda 8', 'Nueva España', 'Yucatán'),
(9, 'Tienda 9', 'Nueva Pakistán', 'Guerrero'),
(10, 'Tienda 10', 'San Jaime de la Montaña', 'Chiapas'),
(11, 'Tienda 11', 'San Eloisa los altos', 'Tamaulipas'),
(12, 'Tienda 12', 'Vieja Afganistán', 'México'),
(13, 'Tienda 13', 'Nueva Bélgica', 'Sinaloa'),
(14, 'Tienda 14', 'San Estela los bajos', 'Michoacán de Ocampo'),
(15, 'Tienda 15', 'San Espartaco los bajos', 'Colima');

-- --------------------------------------------------------

--
-- Estructura de tabla para la tabla `fact_ventas`
--

CREATE TABLE `fact_ventas` (
  `id_venta` bigint(20) DEFAULT NULL,
  `id_tiempo` bigint(20) DEFAULT NULL,
  `id_producto` bigint(20) DEFAULT NULL,
  `id_cliente` bigint(20) DEFAULT NULL,
  `id_empleado` bigint(20) DEFAULT NULL,
  `id_tienda` bigint(20) DEFAULT NULL,
  `cantidad` bigint(20) DEFAULT NULL,
  `ingreso_total` double DEFAULT NULL,
  `descuento` double DEFAULT NULL
) ENGINE=InnoDB DEFAULT CHARSET=utf8mb4 COLLATE=utf8mb4_general_ci;

--
-- Volcado de datos para la tabla `fact_ventas`
--

INSERT INTO `fact_ventas` (`id_venta`, `id_tiempo`, `id_producto`, `id_cliente`, `id_empleado`, `id_tienda`, `cantidad`, `ingreso_total`, `descuento`) VALUES
(1, 1, 83, 22, 14, 3, 4, 1668.6336000000001, 0.04),
(2, 2, 42, 98, 7, 8, 3, 3248.8713, 0.07),
(3, 3, 36, 98, 25, 14, 4, 690.9159999999999, 0.05),
(4, 4, 3, 121, 24, 9, 1, 824.9680000000001, 0.2),
(5, 5, 84, 58, 3, 13, 1, 394.06850000000003, 0.15),
(6, 6, 3, 52, 20, 3, 2, 2000.5474, 0.03),
(7, 7, 73, 30, 7, 8, 3, 3087.6929999999998, 0.15),
(8, 8, 78, 156, 24, 12, 1, 103.61399999999999, 0.16),
(9, 8, 14, 80, 19, 1, 3, 2184.6792, 0.12),
(10, 3, 51, 97, 23, 4, 1, 186.7448, 0.12),
(11, 9, 32, 161, 4, 12, 3, 640.3284, 0.17),
(12, 10, 73, 31, 26, 1, 3, 3232.9962, 0.11),
(13, 7, 9, 95, 17, 11, 3, 3186.8999999999996, 0),
(14, 11, 14, 126, 14, 6, 4, 2846.7032, 0.14),
(15, 11, 94, 46, 17, 11, 3, 1736.8031999999998, 0.12),
(16, 3, 100, 138, 16, 8, 4, 518.6836, 0.17),
(17, 10, 42, 69, 28, 4, 1, 1094.6018, 0.06),
(18, 12, 97, 63, 15, 10, 5, 4454.1825, 0.13),
(19, 5, 64, 8, 28, 6, 2, 265.914, 0.1),
(20, 5, 44, 67, 9, 15, 5, 235.25300000000001, 0.14),
(21, 2, 2, 143, 17, 4, 1, 354.97700000000003, 0.05),
(22, 11, 72, 126, 25, 4, 4, 479.8572, 0.13),
(23, 12, 3, 115, 3, 5, 2, 1897.4264, 0.08),
(24, 6, 85, 79, 19, 6, 4, 977.0776, 0.11),
(25, 5, 96, 109, 18, 6, 3, 1021.9122, 0.14),
(26, 2, 33, 79, 8, 2, 2, 2124.8324, 0.06),
(27, 13, 98, 138, 23, 3, 2, 976.2431999999999, 0.04),
(28, 12, 93, 71, 19, 13, 5, 3913.4919999999997, 0.12),
(29, 4, 38, 50, 8, 6, 2, 1719.8051999999998, 0.06),
(30, 13, 17, 137, 9, 1, 1, 103.6405, 0.11),
(31, 13, 82, 33, 28, 13, 4, 1131.7824, 0.02),
(32, 1, 37, 147, 16, 8, 4, 1010.4264, 0.07),
(33, 1, 62, 65, 4, 14, 1, 830.9808, 0.08),
(34, 4, 81, 148, 22, 1, 2, 698.2642, 0.03),
(35, 10, 11, 78, 8, 2, 5, 842.35, 0.15),
(36, 10, 80, 153, 8, 13, 5, 1339.29, 0.08),
(37, 3, 39, 114, 28, 10, 4, 3436.7904, 0.06),
(38, 10, 79, 16, 24, 2, 2, 2531.7696, 0.13),
(39, 2, 11, 170, 6, 4, 2, 352.796, 0.11),
(40, 8, 53, 1, 15, 12, 5, 792.61, 0.09),
(41, 1, 37, 60, 23, 5, 4, 1075.6152, 0.01),
(42, 6, 81, 68, 19, 11, 2, 655.0726000000001, 0.09),
(43, 14, 83, 58, 5, 15, 3, 1082.0046, 0.17),
(44, 4, 22, 16, 26, 5, 5, 4342.4375, 0.15),
(45, 10, 57, 74, 4, 8, 3, 3736.6913999999997, 0.14),
(46, 2, 70, 129, 16, 8, 1, 496.0824, 0.12),
(47, 3, 95, 111, 11, 10, 3, 4173.8004, 0.01),
(48, 6, 74, 173, 19, 1, 3, 865.4184, 0.12),
(49, 15, 23, 194, 16, 9, 4, 3061.0272000000004, 0.18),
(50, 8, 56, 150, 21, 14, 4, 1407.2292, 0.19),
(51, 12, 53, 90, 11, 6, 1, 144.58599999999998, 0.17),
(52, 5, 89, 106, 16, 5, 4, 445.1328, 0.16),
(53, 14, 59, 10, 3, 6, 3, 1932.405, 0.06),
(54, 15, 66, 104, 27, 1, 5, 4641.091, 0.09),
(55, 1, 67, 49, 12, 10, 4, 3824.0327999999995, 0.13),
(56, 15, 27, 14, 9, 9, 2, 619.0344, 0.19),
(57, 12, 63, 179, 4, 1, 5, 4520.753999999999, 0.16),
(58, 13, 40, 41, 18, 1, 5, 6707.076, 0.08),
(59, 6, 60, 30, 4, 11, 2, 405.82800000000003, 0.1),
(60, 13, 66, 75, 23, 5, 4, 3386.4664, 0.17),
(61, 12, 59, 63, 18, 3, 4, 2631.36, 0.04),
(62, 10, 96, 131, 29, 3, 1, 372.3246, 0.06),
(63, 15, 44, 107, 30, 13, 5, 259.8725, 0.05),
(64, 1, 93, 73, 10, 14, 5, 3913.4919999999997, 0.12),
(65, 7, 20, 126, 15, 9, 4, 2631.6768, 0.07),
(66, 14, 70, 196, 13, 8, 3, 1403.6877, 0.17),
(67, 13, 74, 62, 13, 4, 4, 1298.1276, 0.01),
(68, 13, 91, 122, 30, 13, 4, 3786.9408, 0.08),
(69, 7, 20, 167, 16, 1, 2, 1273.392, 0.1),
(70, 10, 13, 85, 28, 14, 4, 4783.7328, 0.02),
(71, 3, 2, 117, 24, 3, 4, 1240.5512, 0.17),
(72, 8, 61, 20, 26, 5, 3, 1426.1808, 0.12),
(73, 11, 11, 167, 28, 6, 5, 911.72, 0.08),
(74, 5, 92, 161, 29, 13, 4, 743.1487999999999, 0.17),
(75, 1, 9, 159, 8, 11, 3, 2549.52, 0.2),
(76, 13, 56, 24, 4, 13, 1, 395.2403, 0.09),
(77, 13, 4, 77, 2, 6, 1, 851.8374, 0.06),
(78, 5, 19, 111, 8, 9, 4, 4650.784000000001, 0.11),
(79, 15, 22, 47, 6, 2, 5, 4240.2625, 0.17),
(80, 10, 31, 175, 16, 15, 5, 6464.0315, 0.03),
(81, 12, 33, 164, 15, 5, 1, 926.7886000000001, 0.18),
(82, 12, 87, 74, 18, 3, 1, 1032.4496, 0.09),
(83, 5, 39, 151, 21, 7, 3, 2495.3292, 0.09),
(84, 2, 50, 51, 28, 8, 1, 872.5465, 0.05),
(85, 10, 74, 92, 10, 12, 3, 983.4300000000001, 0),
(86, 9, 51, 169, 9, 1, 5, 880.6714999999999, 0.17),
(87, 15, 7, 191, 30, 10, 4, 1227.2048, 0.17),
(88, 3, 100, 74, 26, 4, 5, 656.1659999999999, 0.16),
(89, 6, 25, 163, 20, 5, 2, 2583.5694, 0.13),
(90, 3, 83, 161, 2, 5, 4, 1720.7784000000001, 0.01),
(91, 5, 17, 188, 3, 15, 3, 324.8955, 0.07),
(92, 11, 26, 45, 5, 13, 5, 4275.029000000001, 0.18),
(93, 5, 65, 136, 30, 5, 2, 290.206, 0.05),
(94, 9, 38, 124, 24, 14, 3, 2305.2708, 0.16),
(95, 12, 19, 20, 25, 4, 4, 4232.736000000001, 0.19),
(96, 15, 47, 143, 3, 13, 4, 5081.68, 0),
(97, 14, 59, 32, 12, 11, 3, 1809.06, 0.12),
(98, 9, 48, 164, 4, 11, 2, 494.3484, 0.09),
(99, 10, 42, 144, 30, 10, 2, 2026.1778, 0.13),
(100, 7, 90, 119, 10, 11, 4, 5035.044, 0.02),
(101, 1, 39, 10, 16, 2, 1, 868.338, 0.05),
(102, 14, 50, 35, 15, 6, 5, 4224.962, 0.08),
(103, 13, 20, 187, 29, 7, 1, 587.1752, 0.17),
(104, 10, 36, 105, 2, 12, 3, 523.6416, 0.04),
(105, 12, 47, 61, 4, 11, 3, 3392.0214, 0.11),
(106, 7, 8, 92, 13, 5, 2, 1982.3454000000002, 0.19),
(107, 9, 12, 117, 22, 4, 5, 2310.606, 0.19),
(108, 1, 32, 86, 5, 13, 5, 1234.3680000000002, 0.04),
(109, 9, 71, 196, 7, 10, 2, 2188.3008, 0.16),
(110, 6, 100, 85, 5, 13, 5, 781.15, 0),
(111, 9, 17, 38, 18, 5, 2, 228.242, 0.02),
(112, 9, 17, 7, 1, 6, 2, 204.952, 0.12),
(113, 1, 34, 45, 2, 3, 4, 4034.0852000000004, 0.11),
(114, 13, 61, 17, 15, 13, 3, 1458.594, 0.1),
(115, 4, 65, 116, 8, 10, 1, 129.829, 0.15),
(116, 3, 67, 169, 10, 8, 1, 1087.8714, 0.01),
(117, 12, 55, 103, 22, 2, 4, 812.4247999999999, 0.14),
(118, 12, 11, 19, 11, 10, 2, 392.436, 0.01),
(119, 2, 82, 160, 19, 9, 3, 796.8672000000001, 0.08),
(120, 10, 38, 136, 15, 9, 5, 4162.2945, 0.09),
(121, 15, 15, 180, 28, 11, 5, 3656.978, 0.14),
(122, 6, 58, 111, 29, 4, 4, 4031.6615999999995, 0.07),
(123, 12, 54, 103, 24, 2, 3, 4007.8584, 0.09),
(124, 7, 48, 66, 5, 11, 4, 1075.6152, 0.01),
(125, 9, 12, 22, 14, 2, 3, 1437.7104, 0.16),
(126, 14, 76, 16, 18, 9, 3, 1881.3140999999998, 0.13),
(127, 11, 86, 91, 25, 7, 1, 1178.2503000000002, 0.19),
(128, 10, 46, 80, 4, 10, 5, 3773.4719999999998, 0.04),
(129, 7, 29, 124, 28, 2, 3, 3421.3844999999997, 0.17),
(130, 5, 98, 30, 9, 10, 2, 854.2127999999999, 0.16),
(131, 9, 99, 144, 27, 10, 5, 276.2685, 0.13),
(132, 14, 78, 7, 30, 11, 3, 366.3495, 0.01),
(133, 2, 98, 180, 10, 15, 3, 1418.6033999999997, 0.07),
(134, 8, 73, 37, 22, 7, 1, 1174.5341999999998, 0.03),
(135, 7, 12, 8, 24, 9, 2, 1049.7568, 0.08),
(136, 12, 21, 88, 12, 5, 3, 720.342, 0.16),
(137, 10, 11, 153, 29, 1, 2, 384.508, 0.03),
(138, 10, 87, 13, 3, 5, 4, 3948.2688, 0.13),
(139, 12, 57, 156, 14, 5, 2, 2462.1609999999996, 0.15),
(140, 4, 56, 89, 4, 5, 5, 1954.4850000000001, 0.1),
(141, 7, 6, 79, 8, 7, 5, 4275.8595, 0.01),
(142, 6, 28, 78, 25, 3, 3, 1781.3658, 0.06),
(143, 4, 64, 2, 24, 7, 2, 286.59619999999995, 0.03),
(144, 14, 30, 181, 17, 9, 3, 1064.1807000000001, 0.01),
(145, 9, 6, 190, 14, 1, 4, 2833.2968, 0.18),
(146, 9, 74, 81, 14, 10, 4, 1127.6664, 0.14),
(147, 11, 15, 75, 13, 1, 3, 2474.8386, 0.03),
(148, 10, 89, 118, 30, 6, 1, 120.5568, 0.09),
(149, 4, 56, 63, 19, 7, 5, 2128.217, 0.02),
(150, 9, 96, 80, 11, 4, 3, 998.1468, 0.16),
(151, 4, 82, 131, 4, 9, 5, 1385.856, 0.04),
(152, 15, 45, 90, 24, 14, 2, 2772.556, 0.05),
(153, 8, 26, 66, 6, 10, 2, 1772.573, 0.15),
(154, 7, 23, 20, 25, 11, 4, 3396.9936000000002, 0.09),
(155, 10, 75, 195, 15, 11, 5, 1101.681, 0.13),
(156, 10, 81, 83, 11, 3, 4, 1425.3228, 0.01),
(157, 12, 39, 162, 26, 5, 5, 4524.498, 0.01),
(158, 14, 40, 19, 15, 8, 1, 1443.4794, 0.01),
(159, 9, 10, 74, 21, 14, 1, 242.396, 0.12),
(160, 14, 60, 99, 19, 9, 1, 205.16860000000003, 0.09),
(161, 15, 84, 147, 7, 6, 5, 2086.2450000000003, 0.1),
(162, 8, 58, 16, 4, 13, 3, 2601.072, 0.2),
(163, 4, 83, 130, 6, 1, 2, 747.4088, 0.14),
(164, 12, 67, 135, 20, 3, 3, 3065.8194, 0.07),
(165, 2, 53, 100, 25, 6, 5, 862.29, 0.01),
(166, 7, 43, 166, 3, 6, 1, 423.26619999999997, 0.11),
(167, 11, 33, 73, 24, 14, 5, 4690.4545, 0.17),
(168, 5, 75, 21, 22, 3, 3, 714.1931999999999, 0.06),
(169, 7, 85, 179, 13, 3, 5, 1180.1779999999999, 0.14),
(170, 4, 72, 80, 13, 11, 3, 347.48279999999994, 0.16),
(171, 7, 95, 180, 22, 15, 5, 6886.067999999999, 0.02),
(172, 7, 66, 109, 12, 1, 3, 2876.4563999999996, 0.06),
(173, 6, 99, 88, 16, 4, 2, 101.616, 0.2),
(174, 8, 38, 20, 28, 13, 1, 823.311, 0.1),
(175, 14, 68, 190, 2, 11, 3, 989.7810000000002, 0.18),
(176, 10, 77, 34, 13, 3, 2, 1329.6768, 0.04),
(177, 13, 80, 198, 26, 15, 2, 500.77799999999996, 0.14),
(178, 1, 47, 106, 22, 12, 2, 2058.0804000000003, 0.19),
(179, 10, 97, 73, 24, 13, 4, 3891.01, 0.05),
(180, 6, 61, 80, 29, 14, 2, 1004.8092, 0.07),
(181, 10, 60, 113, 25, 5, 4, 811.6560000000001, 0.1),
(182, 11, 26, 42, 26, 10, 2, 1730.8654, 0.17),
(183, 1, 62, 165, 28, 6, 5, 3658.1220000000003, 0.19),
(184, 13, 16, 133, 10, 2, 2, 1685.6039999999998, 0.05),
(185, 3, 19, 132, 27, 7, 1, 1058.1840000000002, 0.19),
(186, 6, 45, 116, 30, 1, 4, 5778.5904, 0.01),
(187, 14, 31, 96, 13, 2, 3, 3838.4352, 0.04),
(188, 5, 92, 26, 21, 6, 2, 434.2496, 0.03),
(189, 2, 90, 121, 27, 3, 4, 4675.398, 0.09),
(190, 1, 3, 21, 9, 4, 2, 1835.5538000000001, 0.11),
(191, 13, 68, 156, 14, 2, 3, 1146.6975000000002, 0.05),
(192, 4, 31, 13, 14, 11, 5, 6064.1945, 0.09),
(193, 4, 77, 128, 18, 1, 5, 3047.176, 0.12),
(194, 13, 38, 37, 14, 1, 5, 4253.773499999999, 0.07),
(195, 10, 24, 107, 22, 11, 1, 258.237, 0.1),
(196, 5, 68, 18, 18, 9, 5, 1790.4575, 0.11),
(197, 11, 6, 121, 21, 7, 3, 2461.8585, 0.05),
(198, 1, 9, 92, 12, 4, 1, 902.9549999999999, 0.15),
(199, 13, 43, 194, 5, 1, 3, 1269.7986, 0.11),
(200, 9, 23, 165, 27, 13, 4, 2986.3680000000004, 0.2),
(201, 12, 24, 162, 26, 3, 1, 246.7598, 0.14),
(202, 12, 38, 10, 7, 1, 2, 1500.2556, 0.18),
(203, 5, 66, 80, 13, 14, 5, 4641.091, 0.09),
(204, 1, 83, 193, 7, 5, 3, 1082.0046, 0.17),
(205, 1, 43, 168, 9, 2, 3, 1298.3334, 0.09),
(206, 11, 57, 191, 29, 7, 3, 3519.4419000000003, 0.19),
(207, 12, 64, 178, 12, 15, 5, 701.7175, 0.05),
(208, 4, 55, 187, 3, 7, 5, 944.68, 0.2),
(209, 8, 38, 140, 11, 2, 1, 850.7547, 0.07),
(210, 2, 58, 79, 20, 12, 4, 4205.0664, 0.03),
(211, 12, 58, 90, 2, 12, 3, 2861.1792, 0.12),
(212, 11, 82, 71, 26, 1, 1, 251.18640000000002, 0.13),
(213, 11, 66, 94, 26, 12, 2, 1652.4324000000001, 0.19),
(214, 8, 87, 156, 26, 8, 1, 1100.5231999999999, 0.03),
(215, 6, 83, 200, 12, 6, 4, 1407.9096000000002, 0.19),
(216, 1, 20, 155, 22, 8, 3, 1973.7576, 0.07),
(217, 15, 74, 20, 5, 9, 3, 904.7556000000001, 0.08),
(218, 7, 32, 72, 4, 1, 2, 462.88800000000003, 0.1),
(219, 11, 16, 144, 9, 13, 3, 2288.8728, 0.14),
(220, 6, 37, 157, 23, 15, 4, 1043.0208, 0.04),
(221, 8, 58, 19, 6, 15, 4, 3468.096, 0.2),
(222, 15, 41, 175, 22, 6, 1, 922.4049000000001, 0.11),
(223, 2, 21, 77, 23, 12, 2, 480.228, 0.16),
(224, 14, 16, 58, 7, 13, 2, 1685.6039999999998, 0.05),
(225, 12, 47, 7, 18, 10, 3, 3468.2466000000004, 0.09),
(226, 14, 79, 34, 29, 2, 1, 1367.7376, 0.06),
(227, 13, 62, 185, 17, 7, 4, 3034.8864, 0.16),
(228, 4, 41, 33, 21, 2, 4, 3772.5324000000005, 0.09),
(229, 14, 17, 89, 29, 14, 5, 506.5575, 0.13),
(230, 8, 17, 197, 14, 9, 1, 96.6535, 0.17),
(231, 14, 39, 40, 6, 3, 3, 2221.1172, 0.19),
(232, 6, 67, 89, 29, 5, 1, 1043.917, 0.05),
(233, 7, 36, 142, 5, 11, 3, 480.00480000000005, 0.12),
(234, 4, 83, 129, 6, 10, 5, 2107.5190000000002, 0.03),
(235, 7, 93, 160, 29, 10, 3, 2214.6807, 0.17),
(236, 10, 4, 11, 3, 1, 5, 4304.4975, 0.05),
(237, 6, 74, 197, 14, 10, 1, 295.029, 0.1),
(238, 7, 38, 140, 21, 5, 4, 3476.2019999999998, 0.05),
(239, 15, 52, 176, 10, 8, 1, 341.6006, 0.14),
(240, 8, 54, 113, 16, 8, 2, 2730.6287999999995, 0.07),
(241, 8, 92, 81, 11, 12, 3, 537.216, 0.2),
(242, 8, 48, 195, 17, 9, 1, 255.3228, 0.06),
(243, 12, 35, 32, 15, 4, 2, 1126.7844, 0.02),
(244, 2, 79, 99, 14, 4, 2, 2444.4672, 0.16),
(245, 3, 93, 148, 11, 4, 2, 1600.974, 0.1),
(246, 14, 64, 120, 29, 5, 4, 590.92, 0),
(247, 11, 59, 130, 8, 4, 5, 3186.4125, 0.07),
(248, 1, 64, 73, 20, 15, 4, 555.4648, 0.06),
(249, 1, 56, 28, 5, 15, 3, 1107.5415, 0.15),
(250, 15, 47, 104, 2, 7, 1, 1130.6738, 0.11),
(251, 6, 71, 93, 10, 2, 4, 4689.216, 0.1),
(252, 15, 36, 141, 27, 10, 5, 890.9179999999999, 0.02),
(253, 4, 48, 101, 26, 6, 5, 1100.061, 0.19),
(254, 15, 26, 37, 20, 9, 4, 3753.684, 0.1),
(255, 1, 18, 10, 23, 6, 4, 5322.852, 0.1),
(256, 8, 66, 156, 5, 6, 5, 4794.094, 0.06),
(257, 11, 95, 158, 27, 5, 5, 6534.737999999999, 0.07),
(258, 9, 69, 131, 16, 12, 5, 1532.6229999999998, 0.06),
(259, 9, 48, 5, 11, 11, 1, 217.29600000000002, 0.2),
(260, 10, 93, 79, 28, 12, 1, 782.6984, 0.12),
(261, 2, 100, 168, 19, 10, 2, 268.7156, 0.14),
(262, 10, 22, 123, 17, 11, 5, 4342.4375, 0.15),
(263, 11, 88, 38, 8, 1, 5, 3633.093, 0.19),
(264, 4, 3, 49, 15, 6, 4, 4001.0948, 0.03),
(265, 13, 53, 53, 17, 13, 5, 714.22, 0.18),
(266, 9, 94, 189, 2, 12, 2, 1184.184, 0.1),
(267, 14, 85, 84, 16, 9, 4, 1031.9696, 0.06),
(268, 8, 69, 118, 11, 9, 3, 841.3122, 0.14),
(269, 9, 88, 185, 21, 13, 3, 2368.2383999999997, 0.12),
(270, 6, 36, 64, 18, 5, 2, 294.5484, 0.19),
(271, 2, 37, 198, 23, 4, 4, 1021.2912, 0.06),
(272, 5, 93, 144, 9, 5, 1, 791.5926999999999, 0.11),
(273, 14, 51, 98, 27, 6, 2, 398.9548, 0.06),
(274, 2, 11, 183, 12, 15, 4, 689.736, 0.13),
(275, 13, 28, 123, 7, 14, 5, 3000.5275, 0.05),
(276, 14, 35, 179, 5, 2, 5, 2443.2825, 0.15),
(277, 6, 7, 63, 22, 15, 5, 1755.7899999999997, 0.05),
(278, 6, 13, 14, 14, 6, 4, 4783.7328, 0.02),
(279, 15, 1, 36, 18, 15, 2, 158.7368, 0.08),
(280, 3, 62, 122, 21, 4, 3, 2547.1368, 0.06),
(281, 7, 99, 16, 3, 11, 5, 301.6725, 0.05),
(282, 13, 5, 186, 30, 15, 2, 341.98240000000004, 0.08),
(283, 9, 5, 46, 27, 7, 4, 713.7024, 0.04),
(284, 13, 5, 75, 1, 5, 5, 817.7840000000001, 0.12),
(285, 3, 37, 86, 15, 11, 5, 1222.29, 0.1),
(286, 3, 65, 35, 15, 5, 2, 256.6032, 0.16),
(287, 5, 94, 42, 15, 11, 3, 1697.3303999999998, 0.14),
(288, 1, 44, 189, 26, 5, 5, 237.98850000000002, 0.13),
(289, 6, 79, 45, 28, 11, 4, 4830.7328, 0.17),
(290, 14, 12, 84, 13, 11, 1, 547.6992, 0.04),
(291, 8, 42, 123, 30, 4, 1, 1106.2465, 0.05),
(292, 6, 97, 115, 9, 6, 3, 2703.2280000000005, 0.12),
(293, 10, 34, 3, 21, 6, 2, 2243.6766000000002, 0.01),
(294, 4, 40, 120, 6, 7, 5, 5978.046, 0.18),
(295, 3, 99, 181, 10, 12, 1, 55.253699999999995, 0.13),
(296, 2, 79, 95, 8, 4, 2, 2619.072, 0.1),
(297, 12, 78, 192, 12, 7, 5, 505.735, 0.18),
(298, 15, 86, 138, 27, 4, 2, 2501.9636, 0.14),
(299, 10, 68, 21, 15, 9, 3, 1182.909, 0.02),
(300, 10, 8, 29, 27, 9, 5, 5873.616, 0.04),
(301, 14, 22, 39, 11, 14, 5, 4648.962500000001, 0.09),
(302, 7, 92, 53, 19, 8, 1, 183.54880000000003, 0.18),
(303, 12, 59, 15, 5, 9, 4, 2494.31, 0.09),
(304, 1, 60, 144, 22, 13, 3, 581.6868, 0.14),
(305, 11, 1, 66, 24, 4, 5, 427.0365, 0.01),
(306, 11, 90, 89, 3, 9, 1, 1040.4045, 0.19),
(307, 4, 5, 121, 10, 7, 2, 315.962, 0.15),
(308, 15, 94, 165, 21, 7, 3, 1578.912, 0.2),
(309, 11, 49, 115, 13, 2, 5, 4035.685, 0.03),
(310, 9, 16, 90, 6, 9, 4, 3158.2896, 0.11),
(311, 13, 1, 58, 25, 1, 3, 235.5171, 0.09),
(312, 13, 55, 140, 18, 7, 2, 448.72299999999996, 0.05),
(313, 5, 36, 40, 7, 15, 1, 180.0018, 0.01),
(314, 7, 79, 108, 25, 15, 1, 1382.288, 0.05),
(315, 4, 77, 26, 2, 8, 5, 3012.549, 0.13),
(316, 9, 32, 13, 24, 1, 4, 936.0624000000001, 0.09),
(317, 14, 97, 56, 28, 13, 1, 993.2315, 0.03),
(318, 2, 94, 60, 19, 6, 5, 2894.672, 0.12),
(319, 7, 31, 83, 10, 15, 2, 2132.464, 0.2),
(320, 14, 53, 57, 10, 5, 1, 155.03799999999998, 0.11),
(321, 10, 23, 189, 21, 11, 4, 3322.3344, 0.11),
(322, 1, 83, 89, 22, 7, 5, 2042.3380000000002, 0.06),
(323, 11, 20, 105, 10, 7, 2, 1202.6480000000001, 0.15),
(324, 12, 29, 62, 10, 14, 2, 2308.404, 0.16),
(325, 3, 72, 15, 14, 7, 5, 613.6105, 0.11),
(326, 11, 33, 63, 7, 6, 1, 926.7886000000001, 0.18),
(327, 9, 12, 95, 18, 12, 2, 1129.6296, 0.01),
(328, 11, 78, 173, 20, 1, 1, 118.416, 0.04),
(329, 15, 93, 151, 22, 9, 2, 1600.974, 0.1),
(330, 9, 39, 86, 30, 1, 2, 1480.7448, 0.19),
(331, 13, 96, 31, 25, 8, 2, 681.2747999999999, 0.14),
(332, 13, 51, 53, 30, 4, 5, 997.387, 0.06),
(333, 2, 60, 98, 18, 11, 3, 635.7972, 0.06),
(334, 5, 64, 132, 15, 2, 4, 502.2819999999999, 0.15),
(335, 5, 48, 53, 11, 7, 1, 241.7418, 0.11),
(336, 6, 19, 190, 1, 5, 5, 5290.92, 0.19),
(337, 10, 54, 185, 10, 3, 2, 2730.6287999999995, 0.07),
(338, 11, 32, 146, 16, 9, 3, 732.906, 0.05),
(339, 9, 93, 126, 21, 12, 4, 3237.5252, 0.09),
(340, 13, 22, 91, 5, 12, 5, 4597.875, 0.1),
(341, 3, 83, 139, 2, 9, 1, 360.6682, 0.17),
(342, 4, 7, 172, 25, 1, 4, 1434.2032, 0.03),
(343, 7, 9, 60, 23, 3, 1, 1019.8079999999999, 0.04),
(344, 12, 8, 96, 20, 11, 5, 5017.0470000000005, 0.18),
(345, 7, 3, 125, 1, 9, 5, 4743.566000000001, 0.08),
(346, 1, 93, 136, 9, 9, 3, 2668.29, 0),
(347, 9, 87, 179, 14, 13, 2, 2223.7376, 0.02),
(348, 4, 20, 135, 8, 4, 5, 3148.108, 0.11),
(349, 9, 35, 91, 26, 7, 1, 534.6477, 0.07),
(350, 11, 73, 118, 8, 12, 2, 2276.4167999999995, 0.06),
(351, 9, 84, 21, 28, 11, 1, 454.3378, 0.02),
(352, 11, 71, 97, 16, 1, 1, 1120.2015999999999, 0.14),
(353, 4, 56, 128, 21, 13, 3, 1159.6611, 0.11),
(354, 9, 68, 25, 30, 1, 2, 772.5120000000001, 0.04),
(355, 9, 73, 178, 16, 5, 1, 992.9052, 0.18),
(356, 7, 70, 72, 19, 11, 1, 541.1808, 0.04),
(357, 9, 3, 81, 7, 10, 2, 1753.057, 0.15),
(358, 13, 10, 102, 10, 3, 5, 1308.3875, 0.05),
(359, 9, 87, 100, 29, 9, 3, 3131.3856, 0.08),
(360, 13, 89, 36, 24, 2, 5, 563.04, 0.15),
(361, 5, 13, 14, 14, 4, 1, 1134.9162, 0.07),
(362, 15, 77, 158, 13, 13, 3, 2056.8437999999996, 0.01),
(363, 2, 63, 116, 8, 6, 5, 4359.2985, 0.19),
(364, 11, 88, 48, 19, 11, 4, 3516.4752, 0.02),
(365, 10, 32, 76, 23, 2, 1, 244.30200000000002, 0.05),
(366, 11, 82, 183, 5, 12, 4, 1085.5872, 0.06),
(367, 4, 1, 24, 10, 8, 3, 219.9885, 0.15),
(368, 4, 12, 34, 6, 7, 4, 2031.0511999999999, 0.11),
(369, 14, 14, 105, 1, 2, 3, 2209.5051000000003, 0.11),
(370, 10, 42, 154, 28, 7, 1, 1094.6018, 0.06),
(371, 11, 11, 200, 24, 15, 5, 812.6200000000001, 0.18),
(372, 6, 67, 147, 6, 11, 4, 4263.5768, 0.03),
(373, 2, 35, 78, 16, 3, 1, 557.6433, 0.03),
(374, 2, 39, 108, 16, 13, 1, 850.0572, 0.07),
(375, 6, 81, 185, 16, 10, 5, 1727.664, 0.04),
(376, 4, 39, 35, 1, 7, 3, 2275.9595999999997, 0.17),
(377, 11, 57, 85, 11, 7, 5, 7024.4005, 0.03),
(378, 5, 89, 155, 7, 8, 3, 381.54239999999993, 0.04),
(379, 11, 38, 82, 24, 12, 4, 2963.9196, 0.19),
(380, 15, 42, 63, 13, 5, 4, 4331.828399999999, 0.07),
(381, 3, 26, 145, 19, 9, 2, 1793.4268, 0.14),
(382, 14, 94, 7, 15, 12, 2, 1197.3416, 0.09),
(383, 2, 9, 178, 27, 14, 4, 3696.8039999999996, 0.13),
(384, 8, 39, 163, 8, 5, 2, 1572.1488, 0.14),
(385, 15, 10, 97, 15, 10, 4, 969.584, 0.12),
(386, 14, 89, 130, 14, 9, 1, 111.2832, 0.16),
(387, 5, 69, 180, 20, 11, 1, 319.5682, 0.02),
(388, 6, 86, 169, 12, 3, 5, 7200.418500000001, 0.01),
(389, 7, 83, 174, 13, 13, 3, 1055.9322000000002, 0.19),
(390, 11, 2, 28, 4, 5, 2, 672.5880000000001, 0.1),
(391, 14, 75, 143, 23, 10, 2, 460.9332, 0.09),
(392, 11, 99, 119, 22, 10, 5, 308.0235, 0.03),
(393, 1, 14, 124, 10, 7, 1, 810.9793999999999, 0.02),
(394, 13, 45, 37, 10, 6, 4, 4903.0464, 0.16),
(395, 14, 45, 124, 16, 2, 4, 5019.7856, 0.14),
(396, 12, 9, 82, 10, 1, 1, 1062.3, 0),
(397, 5, 14, 166, 22, 13, 2, 1340.5986, 0.19),
(398, 13, 67, 63, 6, 9, 2, 2043.8795999999998, 0.07),
(399, 11, 30, 119, 26, 7, 2, 687.9552, 0.04),
(400, 7, 51, 111, 1, 12, 5, 870.061, 0.18),
(401, 12, 55, 152, 13, 1, 2, 453.4464, 0.04),
(402, 15, 9, 181, 19, 2, 5, 5099.04, 0.04),
(403, 5, 59, 51, 4, 5, 4, 2439.4900000000002, 0.11),
(404, 7, 77, 81, 13, 10, 4, 2437.7408, 0.12),
(405, 5, 59, 91, 20, 3, 3, 1685.7150000000001, 0.18),
(406, 10, 87, 22, 5, 6, 1, 1077.8319999999999, 0.05),
(407, 4, 48, 47, 23, 3, 5, 1249.452, 0.08),
(408, 10, 74, 36, 13, 7, 2, 590.058, 0.1),
(409, 14, 83, 178, 30, 3, 5, 2107.5190000000002, 0.03),
(410, 2, 24, 36, 11, 14, 4, 1009.9936, 0.12),
(411, 9, 2, 92, 16, 3, 2, 627.7488000000001, 0.16),
(412, 14, 84, 130, 16, 7, 4, 1706.0848, 0.08),
(413, 9, 63, 114, 6, 2, 5, 5328.031499999999, 0.01),
(414, 15, 38, 57, 2, 5, 2, 1628.3262, 0.11),
(415, 8, 59, 200, 19, 12, 4, 2439.4900000000002, 0.11),
(416, 4, 15, 147, 9, 13, 5, 3571.9320000000002, 0.16),
(417, 5, 97, 139, 2, 13, 4, 3645.262, 0.11),
(418, 11, 95, 27, 27, 11, 2, 2642.0015999999996, 0.06),
(419, 1, 34, 116, 12, 14, 1, 1031.1847, 0.09),
(420, 4, 31, 199, 7, 13, 5, 5730.996999999999, 0.14),
(421, 9, 79, 182, 21, 7, 2, 2560.8704, 0.12),
(422, 15, 27, 53, 26, 1, 5, 1776.8579999999997, 0.07),
(423, 2, 69, 153, 6, 6, 3, 919.5737999999999, 0.06),
(424, 2, 87, 132, 27, 2, 2, 1837.9872, 0.19),
(425, 15, 8, 106, 9, 14, 2, 2104.7124, 0.14),
(426, 8, 19, 64, 23, 6, 2, 2220.88, 0.15),
(427, 7, 63, 101, 5, 10, 3, 2809.3257, 0.13),
(428, 11, 10, 116, 21, 13, 1, 253.414, 0.08),
(429, 13, 89, 72, 30, 15, 3, 361.6704, 0.09),
(430, 12, 75, 84, 1, 14, 1, 215.271, 0.15),
(431, 12, 86, 163, 23, 6, 1, 1221.8892, 0.16),
(432, 11, 55, 56, 27, 4, 4, 897.4459999999999, 0.05),
(433, 9, 44, 73, 18, 10, 2, 97.38380000000001, 0.11),
(434, 12, 88, 88, 25, 1, 1, 879.1188, 0.02),
(435, 15, 3, 118, 4, 15, 2, 1876.8022, 0.09),
(436, 1, 26, 110, 23, 15, 2, 1710.0116000000003, 0.18),
(437, 2, 36, 41, 3, 11, 3, 518.187, 0.05),
(438, 5, 84, 171, 6, 1, 4, 1613.3628, 0.13),
(439, 13, 97, 180, 8, 7, 1, 880.597, 0.14),
(440, 1, 62, 55, 3, 3, 5, 4290.389999999999, 0.05),
(441, 7, 2, 114, 1, 12, 3, 941.6232, 0.16),
(442, 9, 89, 109, 5, 8, 1, 125.85599999999998, 0.05),
(443, 4, 14, 188, 4, 6, 3, 2035.7238000000002, 0.18),
(444, 8, 100, 98, 27, 13, 2, 271.8402, 0.13),
(445, 7, 9, 37, 17, 10, 1, 934.824, 0.12),
(446, 8, 45, 113, 24, 4, 2, 2393.1536, 0.18),
(447, 10, 57, 176, 28, 4, 1, 1187.6306, 0.18),
(448, 8, 16, 193, 19, 12, 4, 3300.2351999999996, 0.07),
(449, 11, 18, 81, 8, 5, 1, 1404.6415, 0.05),
(450, 10, 93, 154, 20, 5, 1, 738.2268999999999, 0.17),
(451, 7, 27, 78, 17, 10, 5, 1834.176, 0.04),
(452, 11, 83, 76, 2, 13, 2, 782.172, 0.1),
(453, 4, 64, 62, 21, 10, 1, 131.47969999999998, 0.11),
(454, 1, 41, 93, 5, 7, 5, 4767.486000000001, 0.08),
(455, 14, 23, 175, 25, 8, 1, 933.24, 0),
(456, 4, 34, 4, 7, 1, 1, 917.8677000000001, 0.19),
(457, 11, 37, 130, 21, 12, 5, 1154.385, 0.15),
(458, 11, 52, 180, 3, 11, 5, 1767.5845, 0.11),
(459, 8, 11, 72, 10, 2, 5, 812.6200000000001, 0.18),
(460, 15, 69, 40, 11, 7, 5, 1418.4914999999999, 0.13),
(461, 9, 88, 167, 21, 2, 3, 2314.4148, 0.14),
(462, 13, 8, 62, 8, 2, 4, 4796.7864, 0.02),
(463, 10, 8, 156, 10, 11, 2, 2398.3932, 0.02),
(464, 13, 90, 36, 1, 3, 4, 4161.618, 0.19),
(465, 14, 93, 133, 9, 3, 3, 2588.2412999999997, 0.03),
(466, 15, 94, 69, 29, 2, 1, 611.8284, 0.07),
(467, 11, 68, 70, 3, 5, 5, 1750.2225, 0.13),
(468, 12, 66, 117, 12, 1, 4, 3386.4664, 0.17),
(469, 8, 21, 95, 9, 13, 1, 234.39700000000005, 0.18),
(470, 7, 15, 186, 8, 12, 5, 4252.3, 0),
(471, 9, 32, 4, 2, 8, 3, 709.7616, 0.08),
(472, 8, 5, 46, 18, 13, 4, 713.7024, 0.04),
(473, 6, 93, 107, 11, 5, 1, 791.5926999999999, 0.11),
(474, 4, 87, 129, 29, 1, 2, 2178.3552, 0.04),
(475, 14, 52, 12, 3, 15, 4, 1318.7371999999998, 0.17),
(476, 15, 42, 80, 3, 9, 4, 4657.88, 0),
(477, 6, 73, 75, 26, 5, 5, 5751.584999999999, 0.05),
(478, 5, 64, 152, 25, 13, 2, 251.14099999999996, 0.15),
(479, 14, 32, 195, 5, 1, 4, 1028.64, 0),
(480, 14, 82, 89, 27, 12, 1, 233.86320000000003, 0.19),
(481, 1, 85, 195, 13, 14, 3, 806.9123999999998, 0.02),
(482, 14, 54, 61, 16, 1, 2, 2525.0976, 0.14),
(483, 4, 30, 12, 29, 14, 5, 1648.226, 0.08),
(484, 3, 59, 96, 24, 2, 5, 3357.725, 0.02),
(485, 8, 51, 164, 3, 10, 5, 1050.4395, 0.01),
(486, 7, 31, 34, 10, 5, 3, 3238.6797, 0.19),
(487, 11, 95, 180, 11, 6, 4, 5340.215999999999, 0.05),
(488, 4, 18, 52, 25, 13, 5, 7244.9929999999995, 0.02),
(489, 4, 58, 43, 15, 6, 4, 4248.4176, 0.02),
(490, 5, 27, 198, 15, 5, 4, 1452.056, 0.05),
(491, 4, 21, 24, 26, 11, 3, 711.7665000000001, 0.17),
(492, 13, 6, 155, 7, 14, 3, 2513.6870999999996, 0.03),
(493, 13, 46, 64, 13, 9, 1, 676.0803999999999, 0.14),
(494, 2, 4, 45, 13, 14, 4, 3226.1076000000003, 0.11),
(495, 14, 13, 64, 15, 2, 2, 2391.8664, 0.02),
(496, 1, 29, 200, 5, 4, 4, 5111.465999999999, 0.07),
(497, 7, 11, 166, 19, 10, 3, 487.57199999999995, 0.18),
(498, 4, 9, 6, 7, 15, 4, 3569.3279999999995, 0.16),
(499, 4, 16, 85, 2, 8, 1, 860.5451999999999, 0.03),
(500, 10, 93, 111, 13, 8, 1, 818.2755999999999, 0.08),
(501, 11, 46, 45, 7, 15, 2, 1493.666, 0.05),
(502, 12, 5, 39, 20, 10, 5, 882.835, 0.05),
(503, 2, 53, 128, 29, 9, 4, 689.832, 0.01),
(504, 2, 18, 99, 14, 4, 5, 7023.2074999999995, 0.05),
(505, 15, 3, 140, 13, 13, 3, 2784.2670000000003, 0.1),
(506, 15, 45, 125, 30, 10, 5, 6858.428, 0.06),
(507, 2, 4, 47, 11, 10, 2, 1794.2958, 0.01),
(508, 15, 36, 200, 2, 13, 4, 647.2792, 0.11),
(509, 15, 30, 150, 6, 2, 2, 623.4594, 0.13),
(510, 2, 95, 137, 2, 13, 2, 2473.3632, 0.12),
(511, 15, 46, 100, 30, 14, 2, 1509.3888, 0.04),
(512, 10, 95, 82, 23, 6, 5, 6956.334, 0.01),
(513, 13, 73, 91, 19, 3, 5, 4903.983, 0.19),
(514, 9, 70, 127, 10, 3, 4, 2232.3708, 0.01),
(515, 1, 78, 60, 8, 1, 5, 555.075, 0.1),
(516, 5, 26, 158, 26, 3, 3, 2690.1402000000003, 0.14),
(517, 3, 8, 83, 1, 3, 5, 5261.781, 0.14),
(518, 8, 15, 199, 28, 9, 3, 2066.6178000000004, 0.19),
(519, 5, 85, 181, 13, 10, 1, 255.24779999999996, 0.07),
(520, 5, 21, 35, 24, 7, 4, 994.758, 0.13),
(521, 8, 72, 182, 23, 15, 5, 579.1379999999999, 0.16),
(522, 6, 76, 171, 27, 3, 4, 2710.2455999999997, 0.06),
(523, 13, 17, 76, 6, 12, 1, 94.32450000000001, 0.19),
(524, 10, 99, 101, 19, 1, 2, 111.77759999999999, 0.12),
(525, 3, 29, 157, 21, 10, 1, 1112.9805000000001, 0.19),
(526, 8, 96, 85, 3, 4, 3, 950.616, 0.2),
(527, 8, 12, 163, 27, 12, 3, 1557.5196, 0.09),
(528, 2, 32, 54, 23, 2, 3, 732.906, 0.05),
(529, 4, 1, 185, 2, 7, 4, 293.318, 0.15),
(530, 8, 64, 106, 29, 7, 3, 394.43909999999994, 0.11),
(531, 4, 74, 123, 21, 13, 2, 635.9514, 0.03),
(532, 4, 38, 9, 1, 6, 3, 2222.9397, 0.19),
(533, 4, 22, 88, 29, 7, 2, 1736.975, 0.15),
(534, 14, 44, 24, 20, 10, 4, 188.2024, 0.14),
(535, 11, 22, 168, 20, 15, 4, 3964.39, 0.03),
(536, 4, 27, 85, 7, 7, 5, 1643.116, 0.14),
(537, 13, 34, 139, 22, 5, 3, 3229.5345, 0.05),
(538, 1, 74, 101, 18, 14, 4, 1271.9028, 0.03),
(539, 5, 55, 1, 3, 5, 5, 1062.7649999999999, 0.1),
(540, 4, 27, 7, 6, 11, 3, 917.0880000000002, 0.2),
(541, 12, 40, 30, 26, 7, 4, 5249.016, 0.1),
(542, 7, 12, 68, 21, 9, 4, 2190.7968, 0.04),
(543, 3, 48, 98, 6, 8, 1, 258.039, 0.05),
(544, 12, 29, 68, 27, 5, 5, 6801.5475, 0.01),
(545, 15, 86, 179, 4, 2, 3, 3665.6676, 0.16),
(546, 11, 76, 194, 8, 9, 1, 598.2723, 0.17),
(547, 9, 54, 134, 18, 11, 4, 5226.364799999999, 0.11),
(548, 6, 39, 122, 3, 7, 1, 822.636, 0.1),
(549, 3, 74, 133, 22, 10, 2, 642.5076, 0.02),
(550, 15, 23, 115, 6, 4, 2, 1810.4856, 0.03),
(551, 11, 88, 21, 14, 4, 2, 1489.1195999999998, 0.17),
(552, 2, 94, 82, 30, 13, 1, 644.7224, 0.02),
(553, 14, 71, 102, 11, 14, 3, 3516.912, 0.1),
(554, 3, 90, 4, 20, 10, 5, 5394.69, 0.16),
(555, 4, 20, 107, 5, 10, 5, 3112.7360000000003, 0.12),
(556, 4, 73, 28, 25, 2, 3, 3015.0413999999996, 0.17),
(557, 3, 53, 89, 9, 7, 4, 620.1519999999999, 0.11),
(558, 12, 23, 10, 9, 7, 2, 1642.5024, 0.12),
(559, 7, 52, 178, 2, 7, 3, 1024.8018, 0.14),
(560, 1, 61, 191, 30, 5, 3, 1620.66, 0),
(561, 9, 40, 78, 9, 14, 4, 4840.7591999999995, 0.17),
(562, 7, 30, 26, 5, 5, 4, 1218.254, 0.15),
(563, 5, 94, 69, 14, 10, 1, 631.5648, 0.04),
(564, 6, 95, 105, 16, 13, 5, 5832.0779999999995, 0.17),
(565, 9, 66, 15, 26, 3, 1, 958.8187999999999, 0.06),
(566, 14, 18, 104, 25, 14, 5, 6062.137, 0.18),
(567, 1, 25, 45, 29, 14, 2, 2464.7846, 0.17),
(568, 6, 59, 9, 2, 15, 3, 1767.945, 0.14),
(569, 2, 60, 95, 17, 7, 1, 193.8956, 0.14),
(570, 6, 63, 96, 20, 8, 2, 1743.7194, 0.19),
(571, 12, 71, 151, 12, 6, 2, 2162.2495999999996, 0.17),
(572, 2, 89, 192, 3, 5, 1, 121.88159999999999, 0.08),
(573, 8, 100, 147, 7, 14, 2, 271.8402, 0.13),
(574, 7, 35, 53, 21, 7, 5, 2874.45, 0),
(575, 15, 88, 197, 1, 8, 2, 1560.8844, 0.13),
(576, 10, 29, 3, 9, 10, 3, 3545.0489999999995, 0.14),
(577, 13, 36, 165, 14, 15, 4, 603.6424, 0.17),
(578, 12, 28, 65, 15, 5, 5, 2653.098, 0.16),
(579, 11, 14, 150, 1, 9, 3, 2209.5051000000003, 0.11),
(580, 10, 37, 156, 10, 11, 1, 244.458, 0.1),
(581, 5, 82, 71, 11, 14, 3, 822.8520000000001, 0.05),
(582, 13, 39, 167, 7, 3, 5, 3884.6699999999996, 0.15),
(583, 3, 77, 15, 13, 11, 3, 1786.7531999999999, 0.14),
(584, 13, 84, 7, 16, 5, 3, 1140.4806, 0.18),
(585, 11, 95, 100, 2, 10, 5, 5902.343999999999, 0.16),
(586, 5, 92, 186, 8, 11, 5, 973.7040000000001, 0.13),
(587, 12, 46, 172, 17, 5, 2, 1304.9923999999999, 0.17),
(588, 3, 24, 143, 10, 2, 4, 1113.2884, 0.03),
(589, 2, 72, 186, 25, 15, 2, 223.3818, 0.19),
(590, 3, 84, 86, 3, 4, 3, 1335.1968, 0.04),
(591, 9, 54, 79, 26, 15, 3, 4095.9431999999997, 0.07),
(592, 10, 60, 76, 28, 2, 4, 892.8216, 0.01),
(593, 7, 75, 150, 20, 2, 4, 830.6928, 0.18),
(594, 14, 88, 31, 13, 9, 3, 2475.8856, 0.08),
(595, 9, 18, 39, 7, 6, 4, 4731.424, 0.2),
(596, 3, 19, 118, 11, 14, 2, 2194.752, 0.16),
(597, 12, 81, 86, 6, 6, 1, 359.93, 0),
(598, 2, 98, 54, 25, 3, 5, 2160.955, 0.15),
(599, 12, 100, 196, 3, 3, 5, 710.8465, 0.09),
(600, 11, 55, 104, 16, 7, 1, 233.80829999999997, 0.01),
(601, 6, 48, 188, 1, 15, 3, 692.631, 0.15),
(602, 14, 3, 49, 22, 1, 2, 1959.299, 0.05),
(603, 3, 40, 89, 5, 2, 4, 5249.016, 0.1),
(604, 2, 9, 43, 27, 1, 3, 2581.3889999999997, 0.19),
(605, 12, 67, 187, 20, 9, 3, 2999.8878, 0.09),
(606, 7, 44, 35, 29, 8, 3, 139.51049999999998, 0.15),
(607, 8, 3, 104, 8, 4, 2, 1979.9232, 0.04),
(608, 1, 65, 151, 6, 2, 3, 394.0692, 0.14),
(609, 15, 49, 10, 29, 11, 3, 2121.855, 0.15),
(610, 10, 77, 13, 2, 11, 1, 602.5097999999999, 0.13),
(611, 1, 89, 13, 4, 7, 4, 487.52639999999997, 0.08),
(612, 14, 61, 65, 23, 3, 2, 929.1784, 0.14),
(613, 7, 39, 3, 14, 11, 1, 795.2148, 0.13),
(614, 2, 78, 160, 23, 3, 4, 409.52199999999993, 0.17),
(615, 4, 93, 131, 20, 2, 3, 2614.9242, 0.02),
(616, 4, 26, 128, 20, 4, 3, 2596.2981, 0.17),
(617, 6, 91, 92, 14, 5, 2, 2037.5387999999998, 0.01),
(618, 12, 89, 54, 30, 8, 3, 377.5679999999999, 0.05),
(619, 1, 12, 172, 30, 2, 5, 2481.7619999999997, 0.13),
(620, 8, 100, 24, 17, 2, 1, 128.1086, 0.18),
(621, 7, 59, 60, 10, 5, 4, 2713.59, 0.01),
(622, 9, 6, 45, 28, 5, 3, 2176.8012, 0.16),
(623, 5, 95, 110, 4, 2, 1, 1405.32, 0),
(624, 8, 83, 170, 6, 6, 3, 1068.9684000000002, 0.18),
(625, 10, 94, 69, 3, 6, 3, 1894.6943999999999, 0.04),
(626, 11, 59, 103, 9, 14, 4, 2357.2599999999998, 0.14),
(627, 12, 84, 108, 29, 13, 2, 908.6756, 0.02),
(628, 13, 8, 186, 28, 3, 1, 1125.7764000000002, 0.08),
(629, 10, 73, 124, 22, 8, 2, 2131.1135999999997, 0.12),
(630, 15, 79, 92, 1, 14, 2, 2619.072, 0.1),
(631, 12, 53, 29, 15, 1, 1, 165.48999999999998, 0.05),
(632, 5, 91, 4, 28, 11, 5, 4373.504999999999, 0.15),
(633, 10, 73, 186, 8, 11, 3, 3269.322, 0.1),
(634, 13, 80, 180, 4, 7, 2, 524.0699999999999, 0.1),
(635, 7, 83, 174, 13, 3, 5, 1781.6140000000003, 0.18),
(636, 10, 2, 14, 21, 15, 2, 672.5880000000001, 0.1),
(637, 12, 22, 127, 3, 13, 4, 3841.7799999999997, 0.06),
(638, 5, 7, 72, 17, 4, 5, 1607.9339999999997, 0.13),
(639, 11, 11, 61, 15, 8, 5, 901.8100000000001, 0.09),
(640, 9, 58, 128, 11, 2, 4, 3684.852, 0.15),
(641, 1, 52, 27, 14, 1, 5, 1767.5845, 0.11),
(642, 9, 78, 24, 20, 11, 3, 303.441, 0.18),
(643, 14, 84, 53, 22, 8, 3, 1293.4718999999998, 0.07),
(644, 1, 59, 58, 11, 9, 5, 3015.1, 0.12),
(645, 13, 47, 169, 23, 8, 1, 1245.0116, 0.02),
(646, 7, 1, 57, 11, 6, 3, 230.3409, 0.11),
(647, 5, 14, 180, 2, 15, 2, 1489.554, 0.1),
(648, 9, 96, 184, 24, 7, 1, 376.28549999999996, 0.05),
(649, 6, 16, 49, 30, 14, 4, 3406.6944, 0.04),
(650, 9, 92, 49, 11, 2, 4, 886.4064, 0.01),
(651, 7, 76, 173, 4, 13, 4, 2623.7484, 0.09),
(652, 10, 18, 130, 16, 1, 5, 6283.9225, 0.15),
(653, 14, 75, 111, 16, 15, 5, 1063.692, 0.16),
(654, 3, 89, 46, 19, 3, 2, 259.6608, 0.02),
(655, 7, 78, 154, 29, 6, 5, 505.735, 0.18),
(656, 11, 89, 156, 25, 4, 3, 365.6448, 0.08),
(657, 5, 58, 76, 26, 3, 2, 1994.1552000000001, 0.08),
(658, 13, 66, 192, 10, 14, 5, 4233.0830000000005, 0.17),
(659, 13, 71, 189, 21, 4, 2, 2500.9152, 0.04),
(660, 13, 88, 75, 12, 15, 2, 1435.296, 0.2),
(661, 7, 65, 46, 18, 12, 3, 394.0692, 0.14),
(662, 15, 72, 91, 16, 10, 5, 558.4544999999999, 0.19),
(663, 13, 87, 107, 24, 15, 5, 5332.431999999999, 0.06),
(664, 9, 2, 109, 17, 2, 1, 343.76720000000006, 0.08),
(665, 1, 8, 172, 7, 5, 2, 1957.8720000000003, 0.2),
(666, 7, 19, 65, 27, 1, 3, 3762.4320000000002, 0.04),
(667, 14, 46, 9, 27, 8, 1, 691.8032, 0.12),
(668, 7, 72, 190, 28, 4, 5, 634.294, 0.08),
(669, 14, 37, 179, 23, 11, 1, 220.0122, 0.19),
(670, 11, 88, 107, 11, 9, 1, 897.06, 0),
(671, 2, 80, 52, 28, 13, 4, 966.6179999999998, 0.17),
(672, 3, 91, 163, 23, 11, 3, 2624.1029999999996, 0.15),
(673, 14, 78, 190, 7, 13, 2, 231.89799999999997, 0.06),
(674, 8, 10, 175, 6, 3, 5, 1349.705, 0.02),
(675, 1, 36, 110, 18, 5, 2, 352.7308, 0.03),
(676, 9, 1, 66, 11, 8, 2, 170.81459999999998, 0.01),
(677, 3, 77, 83, 2, 13, 5, 2874.0409999999997, 0.17),
(678, 2, 74, 126, 18, 6, 1, 275.36039999999997, 0.16),
(679, 5, 29, 135, 6, 9, 1, 1154.202, 0.16),
(680, 8, 70, 107, 18, 7, 1, 524.2689, 0.07),
(681, 3, 85, 55, 11, 6, 3, 773.9771999999998, 0.06),
(682, 15, 68, 159, 16, 9, 1, 394.303, 0.02),
(683, 5, 31, 115, 29, 11, 5, 5464.439, 0.18),
(684, 6, 88, 11, 29, 6, 4, 2942.3568, 0.18),
(685, 4, 33, 99, 18, 12, 3, 3390.69, 0),
(686, 14, 48, 198, 17, 13, 5, 1235.8709999999999, 0.09),
(687, 1, 84, 76, 7, 6, 5, 2271.6890000000003, 0.02),
(688, 4, 99, 43, 18, 9, 1, 55.253699999999995, 0.13),
(689, 6, 81, 172, 25, 4, 4, 1194.9676, 0.17),
(690, 6, 90, 138, 29, 12, 4, 4469.886, 0.13),
(691, 4, 88, 192, 5, 1, 4, 3085.8864, 0.14),
(692, 1, 10, 23, 2, 3, 3, 735.4514999999999, 0.11),
(693, 10, 34, 59, 14, 7, 4, 3943.4316000000003, 0.13),
(694, 11, 3, 81, 13, 11, 1, 917.7769000000001, 0.11),
(695, 7, 80, 185, 3, 13, 5, 1441.1924999999999, 0.01),
(696, 9, 46, 19, 30, 9, 1, 738.9716, 0.06),
(697, 7, 78, 78, 3, 5, 4, 453.928, 0.08),
(698, 9, 4, 170, 16, 3, 5, 4349.808, 0.04),
(699, 13, 70, 101, 10, 11, 2, 1059.8124, 0.06),
(700, 3, 83, 187, 12, 1, 5, 1803.3410000000001, 0.17),
(701, 8, 6, 32, 1, 10, 5, 3973.5259999999994, 0.08),
(702, 14, 40, 22, 7, 12, 3, 4199.2128, 0.04),
(703, 3, 66, 166, 5, 3, 2, 1958.4384, 0.04),
(704, 9, 25, 65, 4, 3, 5, 6161.961499999999, 0.17),
(705, 9, 71, 193, 15, 11, 5, 6447.672, 0.01),
(706, 7, 33, 18, 4, 4, 5, 5086.035, 0.1),
(707, 5, 17, 92, 22, 11, 2, 228.242, 0.02),
(708, 10, 25, 18, 11, 8, 4, 5523.493199999999, 0.07),
(709, 7, 89, 79, 19, 3, 5, 589.536, 0.11),
(710, 15, 55, 81, 6, 1, 3, 673.0844999999999, 0.05),
(711, 6, 95, 183, 21, 7, 3, 3499.2468, 0.17),
(712, 8, 94, 174, 11, 15, 4, 2394.6832, 0.09),
(713, 5, 40, 199, 16, 9, 1, 1399.7376, 0.04),
(714, 10, 36, 21, 28, 14, 2, 298.1848, 0.18),
(715, 6, 94, 68, 29, 11, 1, 559.198, 0.15),
(716, 3, 65, 5, 21, 1, 5, 672.056, 0.12),
(717, 15, 28, 152, 30, 1, 5, 3000.5275, 0.05),
(718, 3, 61, 139, 21, 13, 2, 1004.8092, 0.07),
(719, 6, 76, 198, 24, 14, 3, 2097.5571, 0.03),
(720, 14, 12, 131, 13, 6, 5, 2852.6, 0),
(721, 6, 88, 158, 6, 13, 5, 4350.740999999999, 0.03),
(722, 8, 73, 46, 19, 11, 2, 2058.462, 0.15),
(723, 12, 6, 92, 8, 13, 4, 3282.4779999999996, 0.05),
(724, 2, 30, 95, 2, 11, 2, 644.958, 0.1),
(725, 15, 50, 93, 16, 15, 4, 3012.5816000000004, 0.18),
(726, 1, 42, 167, 4, 12, 5, 5065.4445000000005, 0.13),
(727, 2, 34, 190, 19, 9, 5, 5495.8745, 0.03),
(728, 7, 47, 97, 19, 11, 1, 1143.3780000000002, 0.1),
(729, 11, 67, 58, 13, 6, 3, 2966.922, 0.1),
(730, 12, 1, 155, 17, 15, 2, 157.0114, 0.09),
(731, 6, 66, 20, 21, 5, 2, 1978.8388, 0.03),
(732, 8, 78, 93, 23, 14, 1, 107.3145, 0.13),
(733, 11, 93, 85, 4, 8, 4, 3201.948, 0.1),
(734, 10, 83, 42, 27, 7, 1, 412.813, 0.05),
(735, 8, 76, 147, 6, 3, 5, 3568.0094999999997, 0.01),
(736, 10, 8, 38, 6, 5, 2, 2202.606, 0.1),
(737, 11, 73, 154, 21, 1, 3, 2942.3898, 0.19),
(738, 6, 78, 115, 16, 14, 4, 478.59799999999996, 0.03),
(739, 9, 77, 106, 5, 13, 5, 2908.6679999999997, 0.16),
(740, 8, 85, 160, 17, 5, 2, 472.0712, 0.14),
(741, 5, 77, 117, 19, 2, 2, 1274.2736, 0.08),
(742, 8, 3, 28, 7, 9, 5, 4434.203, 0.14),
(743, 9, 78, 39, 4, 3, 4, 404.588, 0.18),
(744, 10, 69, 10, 17, 13, 1, 319.5682, 0.02),
(745, 7, 78, 34, 18, 14, 1, 101.147, 0.18),
(746, 15, 84, 174, 14, 9, 4, 1724.6291999999999, 0.07),
(747, 1, 68, 179, 14, 4, 4, 1351.896, 0.16),
(748, 11, 76, 90, 26, 12, 5, 3531.9689999999996, 0.02),
(749, 8, 62, 66, 25, 4, 1, 849.0455999999999, 0.06),
(750, 3, 53, 140, 9, 4, 1, 149.81199999999998, 0.14),
(751, 15, 74, 2, 17, 2, 5, 1639.05, 0),
(752, 7, 89, 53, 26, 6, 4, 492.82559999999995, 0.07),
(753, 8, 84, 110, 19, 5, 3, 1154.3889, 0.17),
(754, 11, 47, 145, 20, 5, 4, 4319.428, 0.15),
(755, 11, 72, 142, 16, 3, 3, 368.1663, 0.11),
(756, 12, 40, 65, 19, 6, 4, 4957.4039999999995, 0.15),
(757, 9, 16, 169, 24, 4, 4, 2980.8576, 0.16),
(758, 8, 28, 26, 17, 7, 3, 1591.8588, 0.16),
(759, 10, 88, 179, 23, 1, 2, 1650.5904, 0.08),
(760, 7, 12, 2, 27, 3, 4, 1848.4848, 0.19),
(761, 11, 9, 23, 9, 4, 3, 3123.162, 0.02),
(762, 1, 50, 186, 30, 7, 5, 3995.3445, 0.13),
(763, 2, 77, 183, 2, 13, 2, 1205.0195999999999, 0.13),
(764, 12, 26, 3, 28, 11, 5, 4900.643, 0.06),
(765, 1, 66, 154, 17, 12, 2, 1795.2352, 0.12),
(766, 7, 47, 10, 8, 11, 1, 1016.3360000000001, 0.2),
(767, 4, 100, 71, 13, 6, 4, 574.9264, 0.08),
(768, 6, 2, 133, 24, 12, 1, 306.4012, 0.18),
(769, 14, 93, 73, 27, 9, 5, 4135.849499999999, 0.07),
(770, 9, 29, 71, 20, 4, 4, 4451.9220000000005, 0.19),
(771, 10, 34, 2, 6, 7, 5, 5552.533, 0.02),
(772, 4, 38, 129, 11, 2, 5, 3704.8995, 0.19),
(773, 3, 74, 138, 9, 12, 4, 1062.1044000000002, 0.19),
(774, 10, 99, 124, 8, 13, 3, 154.32930000000002, 0.19),
(775, 12, 59, 175, 29, 10, 1, 616.725, 0.1),
(776, 2, 49, 18, 21, 13, 2, 1431.212, 0.14),
(777, 6, 53, 81, 12, 9, 5, 871, 0),
(778, 9, 32, 68, 10, 2, 4, 894.9168000000001, 0.13),
(779, 9, 10, 88, 18, 15, 2, 495.81, 0.1),
(780, 5, 74, 56, 9, 3, 2, 590.058, 0.1),
(781, 6, 95, 61, 8, 14, 3, 4047.3215999999998, 0.04),
(782, 6, 80, 64, 12, 3, 1, 285.327, 0.02),
(783, 4, 85, 174, 16, 10, 1, 233.29099999999997, 0.15),
(784, 14, 62, 11, 12, 10, 3, 2438.7480000000005, 0.1),
(785, 3, 36, 148, 16, 3, 5, 854.5539999999999, 0.06),
(786, 6, 74, 193, 5, 1, 5, 1376.802, 0.16),
(787, 12, 5, 139, 17, 6, 4, 617.0552, 0.17),
(788, 15, 59, 45, 4, 12, 5, 3117.8875000000003, 0.09),
(789, 13, 2, 3, 22, 4, 4, 1315.2832, 0.12),
(790, 5, 79, 93, 28, 5, 2, 2589.9712, 0.11),
(791, 6, 61, 69, 20, 6, 3, 1555.8336, 0.04),
(792, 11, 54, 54, 23, 13, 3, 4095.9431999999997, 0.07),
(793, 11, 58, 72, 6, 10, 2, 1734.048, 0.2),
(794, 7, 13, 59, 24, 5, 2, 2172.2052, 0.11),
(795, 9, 26, 98, 5, 13, 2, 1897.6958000000002, 0.09),
(796, 1, 54, 46, 16, 3, 5, 6532.956, 0.11),
(797, 5, 39, 125, 9, 9, 5, 4524.498, 0.01),
(798, 4, 21, 177, 2, 4, 3, 771.7950000000001, 0.1),
(799, 7, 58, 25, 24, 6, 3, 3023.7462, 0.07),
(800, 14, 33, 143, 12, 1, 4, 4430.5016, 0.02),
(801, 9, 78, 174, 7, 10, 5, 536.5725, 0.13),
(802, 14, 100, 45, 10, 6, 3, 407.7603, 0.13),
(803, 12, 95, 199, 15, 15, 1, 1292.8944, 0.08),
(804, 2, 81, 119, 5, 14, 2, 626.2782, 0.13),
(805, 3, 54, 87, 21, 10, 5, 6753.168, 0.08),
(806, 3, 11, 19, 6, 6, 2, 372.616, 0.06),
(807, 7, 91, 75, 9, 10, 4, 3910.4279999999994, 0.05),
(808, 12, 47, 200, 24, 10, 5, 5145.201000000001, 0.19),
(809, 11, 24, 43, 28, 1, 2, 487.781, 0.15),
(810, 7, 96, 65, 23, 12, 1, 380.24639999999994, 0.04),
(811, 11, 13, 27, 3, 15, 4, 4344.4104, 0.11),
(812, 1, 51, 198, 17, 13, 1, 207.9658, 0.02),
(813, 10, 11, 40, 21, 15, 4, 745.232, 0.06),
(814, 6, 37, 189, 15, 11, 2, 526.9428, 0.03),
(815, 9, 4, 44, 2, 11, 3, 2256.4629, 0.17),
(816, 5, 60, 122, 28, 9, 3, 601.9782, 0.11),
(817, 8, 70, 179, 6, 10, 5, 2564.9715, 0.09),
(818, 13, 73, 163, 14, 9, 5, 5691.041999999999, 0.06),
(819, 5, 70, 124, 8, 13, 1, 512.9943000000001, 0.09),
(820, 5, 34, 106, 5, 5, 1, 1133.17, 0),
(821, 9, 18, 195, 12, 5, 4, 5263.7092, 0.11),
(822, 13, 97, 126, 16, 5, 1, 870.3575000000001, 0.15),
(823, 15, 77, 75, 8, 13, 1, 616.3606, 0.11),
(824, 6, 72, 106, 14, 7, 2, 267.5066, 0.03),
(825, 13, 50, 166, 27, 7, 2, 1745.093, 0.05),
(826, 11, 31, 161, 17, 13, 5, 5597.718, 0.16),
(827, 7, 37, 70, 21, 12, 5, 1140.8039999999999, 0.16),
(828, 11, 9, 49, 6, 3, 3, 3123.162, 0.02),
(829, 12, 58, 159, 9, 12, 5, 4877.01, 0.1),
(830, 5, 20, 5, 2, 9, 1, 679.1424000000001, 0.04),
(831, 4, 35, 73, 5, 12, 4, 1954.626, 0.15),
(832, 6, 20, 24, 1, 8, 2, 1315.8384, 0.07),
(833, 2, 48, 128, 15, 12, 1, 252.6066, 0.07),
(834, 9, 19, 193, 2, 5, 4, 5173.344, 0.01),
(835, 12, 25, 47, 29, 14, 3, 3741.7212, 0.16),
(836, 9, 16, 4, 25, 12, 2, 1632.3744, 0.08),
(837, 12, 95, 64, 2, 4, 4, 4778.088, 0.15),
(838, 4, 86, 134, 7, 8, 4, 5003.9272, 0.14),
(839, 2, 21, 83, 21, 12, 1, 242.97250000000003, 0.15),
(840, 14, 16, 134, 9, 8, 3, 2555.0208, 0.04),
(841, 3, 86, 14, 7, 2, 2, 2531.0562, 0.13),
(842, 5, 22, 4, 26, 5, 5, 5006.575, 0.02),
(843, 15, 2, 63, 2, 10, 4, 1285.3904, 0.14),
(844, 8, 99, 96, 3, 4, 2, 114.318, 0.1),
(845, 7, 44, 159, 30, 13, 1, 54.1629, 0.01),
(846, 7, 90, 40, 18, 13, 1, 1245.9165, 0.03),
(847, 6, 72, 82, 26, 11, 3, 347.48279999999994, 0.16),
(848, 12, 25, 188, 1, 12, 4, 5523.493199999999, 0.07),
(849, 8, 6, 65, 16, 12, 4, 3075.1636, 0.11),
(850, 14, 63, 179, 7, 10, 2, 1915.9385999999997, 0.11),
(851, 5, 60, 188, 9, 14, 5, 924.3860000000001, 0.18),
(852, 14, 9, 42, 17, 3, 4, 3994.2479999999996, 0.06),
(853, 2, 47, 139, 15, 1, 5, 5843.932000000001, 0.08),
(854, 8, 80, 5, 28, 6, 5, 1382.9624999999999, 0.05),
(855, 13, 85, 17, 18, 14, 4, 1053.9263999999998, 0.04),
(856, 7, 99, 128, 18, 3, 5, 298.497, 0.06),
(857, 11, 42, 165, 4, 2, 5, 5065.4445000000005, 0.13),
(858, 1, 23, 34, 28, 1, 2, 1829.1504, 0.02),
(859, 6, 5, 26, 19, 11, 4, 646.7928, 0.13),
(860, 14, 90, 160, 19, 5, 1, 1194.5384999999999, 0.07),
(861, 10, 10, 184, 1, 15, 2, 479.28299999999996, 0.13),
(862, 3, 60, 21, 26, 11, 1, 209.6778, 0.07),
(863, 13, 48, 107, 26, 12, 1, 228.1608, 0.16),
(864, 2, 6, 136, 24, 2, 3, 2539.6014, 0.02),
(865, 6, 13, 133, 4, 12, 2, 2172.2052, 0.11),
(866, 6, 68, 50, 22, 4, 5, 1750.2225, 0.13),
(867, 8, 96, 143, 18, 7, 1, 336.6765, 0.15),
(868, 10, 87, 92, 15, 12, 4, 3721.3568, 0.18),
(869, 8, 71, 47, 13, 9, 3, 3399.6816, 0.13),
(870, 14, 57, 154, 30, 6, 3, 3867.0411, 0.11),
(871, 5, 53, 96, 25, 11, 4, 578.3439999999999, 0.17),
(872, 5, 31, 156, 19, 9, 2, 2452.3336, 0.08),
(873, 14, 33, 191, 12, 8, 4, 3661.9452, 0.19),
(874, 1, 5, 186, 10, 10, 1, 167.27400000000003, 0.1),
(875, 3, 1, 78, 10, 4, 2, 143.20819999999998, 0.17),
(876, 1, 89, 198, 27, 5, 5, 596.16, 0.1),
(877, 10, 20, 147, 4, 1, 4, 2631.6768, 0.07),
(878, 8, 47, 68, 29, 10, 2, 2413.7980000000002, 0.05),
(879, 15, 12, 77, 19, 7, 5, 2339.132, 0.18),
(880, 13, 93, 20, 11, 13, 4, 3450.9883999999997, 0.03),
(881, 9, 90, 177, 19, 14, 1, 1130.316, 0.12),
(882, 2, 94, 10, 26, 10, 4, 2578.8896, 0.02),
(883, 1, 43, 198, 12, 15, 4, 1750.1344, 0.08),
(884, 9, 99, 31, 8, 12, 5, 257.2155, 0.19),
(885, 7, 81, 200, 13, 1, 3, 971.811, 0.1),
(886, 5, 73, 139, 5, 6, 5, 5206.697999999999, 0.14),
(887, 8, 87, 13, 24, 7, 4, 3857.504, 0.15),
(888, 10, 12, 130, 8, 7, 3, 1437.7104, 0.16),
(889, 8, 44, 34, 3, 8, 5, 232.5175, 0.15),
(890, 14, 34, 103, 3, 7, 5, 5155.923500000001, 0.09),
(891, 13, 98, 34, 5, 8, 5, 2440.6079999999997, 0.04),
(892, 11, 74, 167, 7, 9, 5, 1311.24, 0.2),
(893, 14, 32, 64, 3, 5, 4, 966.9216, 0.06),
(894, 3, 12, 148, 4, 11, 4, 2099.5136, 0.08),
(895, 5, 42, 49, 12, 10, 1, 989.7995, 0.15),
(896, 8, 79, 90, 27, 13, 4, 5121.7408, 0.12),
(897, 12, 30, 12, 7, 11, 3, 1042.6821, 0.03),
(898, 13, 15, 22, 24, 1, 2, 1377.7452, 0.19),
(899, 3, 37, 38, 1, 6, 1, 255.3228, 0.06),
(900, 12, 43, 6, 7, 12, 5, 2282.784, 0.04),
(901, 14, 97, 134, 9, 9, 4, 3604.304, 0.12),
(902, 8, 90, 178, 22, 1, 4, 4521.264, 0.12),
(903, 7, 6, 135, 9, 3, 1, 811.9813999999999, 0.06),
(904, 15, 80, 179, 9, 1, 4, 1013.2019999999999, 0.13),
(905, 1, 50, 18, 22, 5, 3, 2286.9903, 0.17),
(906, 1, 84, 75, 13, 4, 4, 1668.996, 0.1),
(907, 13, 41, 26, 16, 14, 5, 4612.0245, 0.11),
(908, 8, 65, 51, 15, 9, 1, 151.2126, 0.01),
(909, 3, 40, 136, 11, 8, 4, 4957.4039999999995, 0.15),
(910, 1, 88, 89, 12, 6, 3, 2556.6209999999996, 0.05),
(911, 14, 8, 71, 21, 5, 4, 4013.6376000000005, 0.18),
(912, 9, 72, 8, 9, 4, 2, 256.4754, 0.07),
(913, 11, 18, 169, 3, 12, 4, 5322.852, 0.1),
(914, 7, 81, 157, 22, 4, 4, 1367.734, 0.05),
(915, 8, 40, 110, 30, 10, 3, 3980.5038000000004, 0.09),
(916, 8, 84, 53, 5, 10, 5, 1993.5230000000001, 0.14),
(917, 6, 40, 36, 23, 12, 5, 5978.046, 0.18),
(918, 11, 19, 198, 21, 15, 5, 5356.240000000001, 0.18),
(919, 5, 72, 18, 18, 12, 1, 132.37439999999998, 0.04),
(920, 9, 94, 38, 1, 13, 3, 1618.3848, 0.18),
(921, 11, 39, 106, 15, 12, 3, 2659.8563999999997, 0.03),
(922, 6, 17, 28, 6, 1, 5, 512.38, 0.12),
(923, 10, 79, 146, 8, 10, 2, 2764.576, 0.05),
(924, 1, 11, 92, 23, 13, 4, 769.016, 0.03),
(925, 9, 61, 155, 23, 11, 3, 1555.8336, 0.04),
(926, 11, 61, 126, 5, 3, 2, 1026.418, 0.05),
(927, 11, 2, 196, 30, 5, 4, 1434.8544, 0.04),
(928, 7, 97, 52, 7, 2, 2, 1658.7990000000002, 0.19),
(929, 12, 63, 158, 23, 6, 4, 3530.4936, 0.18),
(930, 11, 100, 104, 2, 10, 4, 537.4312, 0.14),
(931, 11, 96, 157, 19, 10, 5, 1762.6004999999998, 0.11),
(932, 3, 5, 181, 17, 2, 4, 676.5304000000001, 0.09),
(933, 3, 32, 11, 17, 9, 4, 822.9120000000001, 0.2),
(934, 1, 50, 143, 17, 13, 1, 881.7312, 0.04),
(935, 12, 39, 102, 25, 14, 3, 2495.3292, 0.09),
(936, 11, 79, 76, 30, 1, 5, 5965.664000000001, 0.18),
(937, 12, 58, 166, 3, 12, 5, 5310.522, 0.02),
(938, 15, 90, 150, 18, 3, 4, 4726.776000000001, 0.08),
(939, 12, 23, 7, 15, 10, 2, 1530.5136000000002, 0.18),
(940, 4, 42, 65, 23, 11, 2, 2002.8884, 0.14),
(941, 4, 15, 24, 23, 8, 3, 2500.3524, 0.02),
(942, 13, 94, 99, 26, 9, 5, 2664.414, 0.19),
(943, 11, 49, 141, 2, 13, 2, 1364.6440000000002, 0.18),
(944, 10, 20, 169, 6, 14, 2, 1358.2848000000001, 0.04),
(945, 13, 54, 14, 10, 5, 4, 5519.980799999999, 0.06),
(946, 8, 17, 31, 7, 1, 5, 494.91249999999997, 0.15),
(947, 1, 64, 118, 28, 8, 5, 620.466, 0.16),
(948, 10, 31, 127, 7, 10, 4, 4851.3556, 0.09),
(949, 12, 77, 21, 20, 1, 2, 1135.7656, 0.18),
(950, 2, 81, 159, 18, 14, 2, 712.6614, 0.01),
(951, 8, 84, 15, 12, 1, 2, 769.5926, 0.17),
(952, 7, 78, 148, 10, 6, 1, 122.11649999999999, 0.01),
(953, 11, 21, 46, 22, 5, 5, 1243.4475, 0.13),
(954, 13, 74, 153, 26, 9, 2, 531.0522000000001, 0.19),
(955, 13, 47, 149, 30, 1, 1, 1079.857, 0.15),
(956, 5, 49, 95, 27, 2, 4, 2762.572, 0.17),
(957, 4, 61, 75, 5, 2, 3, 1507.2138, 0.07),
(958, 11, 27, 135, 23, 4, 5, 1891.494, 0.01),
(959, 10, 81, 187, 17, 2, 4, 1238.1592, 0.14),
(960, 10, 37, 181, 14, 10, 3, 774.117, 0.05),
(961, 10, 46, 160, 30, 3, 5, 3498.323, 0.11),
(962, 14, 81, 187, 16, 8, 2, 590.2852, 0.18),
(963, 6, 38, 182, 7, 1, 1, 914.79, 0),
(964, 7, 95, 31, 28, 4, 5, 5621.28, 0.2),
(965, 11, 43, 12, 12, 9, 2, 951.16, 0),
(966, 6, 37, 177, 9, 13, 1, 255.3228, 0.06),
(967, 14, 42, 141, 25, 1, 1, 1001.4442, 0.14),
(968, 5, 93, 102, 19, 10, 1, 738.2268999999999, 0.17),
(969, 6, 44, 85, 30, 11, 4, 179.4488, 0.18),
(970, 15, 83, 10, 5, 8, 2, 756.0996, 0.13),
(971, 3, 43, 138, 15, 13, 4, 1540.8792, 0.19),
(972, 1, 39, 134, 19, 12, 3, 2440.4868, 0.11),
(973, 1, 74, 54, 22, 6, 3, 973.5957000000001, 0.01),
(974, 8, 4, 72, 11, 7, 5, 3760.7715, 0.17),
(975, 10, 50, 156, 6, 10, 1, 762.3301, 0.17),
(976, 15, 91, 79, 28, 6, 1, 977.6069999999999, 0.05),
(977, 4, 31, 128, 12, 8, 3, 3838.4352, 0.04),
(978, 2, 15, 45, 12, 13, 1, 714.3864, 0.16),
(979, 3, 57, 24, 17, 1, 4, 4750.5224, 0.18),
(980, 8, 44, 49, 30, 8, 5, 257.137, 0.06),
(981, 5, 99, 37, 28, 2, 5, 273.093, 0.14),
(982, 8, 93, 53, 2, 8, 4, 3059.6391999999996, 0.14),
(983, 14, 1, 30, 10, 15, 1, 74.1922, 0.14),
(984, 10, 43, 23, 15, 15, 1, 466.0684, 0.02),
(985, 15, 96, 169, 10, 1, 5, 1683.3824999999997, 0.15),
(986, 7, 42, 54, 7, 4, 3, 3283.8053999999997, 0.06),
(987, 5, 57, 198, 22, 2, 3, 4214.6403, 0.03),
(988, 2, 2, 30, 20, 9, 5, 1830.9340000000002, 0.02),
(989, 14, 71, 90, 11, 5, 2, 2110.1472, 0.19),
(990, 15, 74, 73, 8, 3, 1, 308.1414, 0.06),
(991, 3, 70, 87, 15, 1, 2, 1116.1854, 0.01),
(992, 3, 7, 173, 4, 7, 1, 362.24719999999996, 0.02),
(993, 11, 91, 46, 20, 15, 5, 4476.410999999999, 0.13),
(994, 13, 58, 180, 20, 6, 3, 3023.7462, 0.07),
(995, 6, 98, 183, 22, 13, 5, 2491.4539999999997, 0.02),
(996, 3, 98, 194, 15, 10, 2, 996.5816, 0.02),
(997, 15, 60, 179, 4, 8, 3, 581.6868, 0.14),
(998, 13, 60, 197, 16, 4, 2, 437.3924, 0.03),
(999, 3, 34, 158, 30, 6, 4, 4351.3728, 0.04),
(1000, 3, 43, 171, 26, 14, 3, 1298.3334, 0.09);
COMMIT;

/*!40101 SET CHARACTER_SET_CLIENT=@OLD_CHARACTER_SET_CLIENT */;
/*!40101 SET CHARACTER_SET_RESULTS=@OLD_CHARACTER_SET_RESULTS */;
/*!40101 SET COLLATION_CONNECTION=@OLD_COLLATION_CONNECTION */;
